,Priority,Tileset,Who is working on it?,In-game?,Pull Request URL
Boss Turkey Battle,,,,No,
Bridge outside Castle,,,colinfeely,No,
Castle Entrance,,,,No,
Castle,,,,No,
Abed's Castle Inside,,http://i.imgur.com/mqhKo.png,NikSN,Yes,
Abed's Castle Caves,,http://i.imgur.com/CR13p.png,pmaynard,Yes,
Abed's Castle Outsid,,http://i.imgur.com/wyPBY.png,Lasternom,Yes,
Blacksmith House,,,,Yes,
House with Painting,,,,Yes,
Potion Lab,,http://imgur.com/Di9dD,elfaisa,Yes,
Valley of Laziness - Desert,,http://i.imgur.com/QskIb.png,gRaF_rOTZ,,
Valley of Laziness - Taco Cave,,,,,
Gay Island,,http://imgur.com/a/cJ8mE,didory123,,
Greendale Campus Exterior,low - since it is not in the episode version of the game,,edsterman,Yes,
Dreamatorium,low - since it is not in the episode version of the game,,MEGATRUCK,,
Troy & Abed's Apartment,low - since it is not in the episode version of the game,,MEGATRUCK,,