,The in-game level where this sprite is seen,"There may be missing screenshots or various bits of a level missing. If you find a missing piece, add it!","Hard++, Hard+, Hard, Medium or Easy only.",Current Reddit/Github user who has volunteered to create a sprite.,Accepted by everyone? ,Creating a TILESET? Please use 24x24 dimensions for them!,Hi-res overview screenshots:  ===>,http://imgur.com/a/UajYs,,,,,,,,,,,,
Red means urgent!,,IRC: #hawkthorne@irc.oftc.net,"Hard++, Hard+, Hard, Medium or Easy only.",,"Yes, Pending, No, Unknown","Once YES has been set, please do not change it!",Don't forget you can right-click > Insert Comments if needed!,Ecstatic Comments/Goodwill,,,,,,,,,,,,
5 Walls and 2 Floor tiles,New Abedtown,,Easy,Lasternom,Unknown,http://i.imgur.com/KSiX3.png,,,,,,,,,,,,,,
Abed,Opening Credits,http://i.imgur.com/X0mf6.gif,Hard++,safetytorch,Unknown,http://imgur.com/a/tOkCl,,,,,,,,,,,,,,
Abed Dinosaur,Castle,http://imgur.com/zOW9S,Hard++,VontD,Unknown,http://i.imgur.com/p1tV8.png,,,,,,,,,,,,,,
AbedÂ´s portrait + curtains,New Abedtown,,Hard,Lasternom,Unknown,http://i.imgur.com/KSiX3.png,,,,,,,,,,,,,,
Acorns,Forest,,Medium,MEGATRUCK,Unknown,http://i.imgur.com/EiTCZ.png,,,,,,,,,,,,,,
administration building ,Greendale Exterior,,,edsterman,Unknown,https://dl.dropbox.com/u/3234330/greendale-exterior.png,,https://dl.dropbox.com/u/3234330/greendale-campus-mockup.png,,,,,,,,,,,,
Annie,Opening Credits,http://i.imgur.com/Osaxo.gif,Hard++,safetytorch,Unknown,,,,,,,,,,,,,,,
Archway,New Abedtown,http://i.imgur.com/P3kWk.png,Hard+,Lasternom,Unknown,http://i.imgur.com/KSiX3.png,,,,,,,,,,,,,,
Baby Abed Picking,New Abedtown,http://i.imgur.com/GRsog.png,Hard,creekee,Unknown,http://i.imgur.com/Is8jz.png,,,,,,,,,,,,,,
Baby Launcher,Castle,,Easy,Charmee + Evsboy123,Unknown,http://i.imgur.com/WiY1v.png,There was a little discoloration so I fixed it. hope that's okay -Evsboy123,,,,,,,,,,,,,
Baby Slaves,New Abedtown,,Hard,calledieu,Unknown,http://i.imgur.com/rWI86.png,,,,,,,,,,,,,,
Baby Whipping,New Abedtown,http://i.imgur.com/grolW.png,Hard++,keviouk,Unknown,http://i.imgur.com/d2nws.png,,,,,,,,,,,,,,
Barrel (just do 1),Town Indoors,http://i.imgur.com/VVNK5.png,Hard+,NimbusBP1729,Unknown,http://imgur.com/jIZgV  http://i.imgur.com/wWyFf.png,"""I just made a new barrel. Mine is the one listed first in the previous column"" -nimbusbp1729",,,,,,,,,,,,,
Bartender (5 frames),Tavern,http://i.imgur.com/E9kho.png,Hard++,Octocycle2,Yes,http://i.imgur.com/2t7qd.png,,,,,,,,,,,,,,
Basketball,Black Caverns,http://i.imgur.com/et1ra.png,Easy,Unameriquinn,Unknown,http://i.imgur.com/EO0VT.png,Theirs was a little off so I edited it some. Up to you which to use. ,,,,,,,,,,,,,
Basketball Thrower,Gay Island,,Medium,TheJordyD,,http://i.imgur.com/Z1rdf.png,,,,,,,,,,,,,,
Bat,Forest,,Hard++,"SherlockHolme,Ohsin",Unknown,http://i.imgur.com/VT0DF.png      http://i.imgur.com/FoSQm.png,"First sprite, If someone wants to touch it up or change it, that is fine, I also got them sorta out of order, does that matter? - SherlockHolme",,,,,,,,,,,,,
Beaming in,In-game,http://i.imgur.com/GebQE.jpg,Hard++,lifedreamcreate,Unknown,https://www.dropbox.com/s/7055puhajpq4cb8/hawktone_beam.psd,reddit post: http://bit.ly/L2IcPJ,,,,,,,,,,,,,
bench,Greendale Exterior,,,edsterman,Unknown,https://dl.dropbox.com/u/3234330/greendale-exterior.png,,https://dl.dropbox.com/u/3234330/greendale-campus-mockup.png,,,,,,,,,,,,
Bicycle,Black Caverns,http://i.imgur.com/ruwKE.png,Medium,wyken/ohsin,Unknown,http://i.imgur.com/5nLI3.png   http://imgur.com/JbjG6,Fixed old sprite a bit   -Ohsin,,,,,,,,,,,,,
Black Caverns Entrance,Overworld,http://i.imgur.com/BgUK4.png,Hard+,renako,Pending,http://i.imgur.com/pca3j.png,Loopable top bar: http://i.imgur.com/j9jBJ.png,,,,,,,,,,,,,
Blacksmith,Blacksmith,,Hard,Philoctitties,Unknown,http://i.imgur.com/rqL2f.png,,,,,,,,,,,,,,
Blacksmith,Blacksmith,In Progress,Medium,matthewdelacruz15,,,,,,,,,,,,,,,,
Blacksmith Anvil,Blacksmith,http://i.imgur.com/xxFyG.png,Easy,Charmee,Unknown,http://i.imgur.com/QCJQM.png,,,,,,,,,,,,,,
Blacksmith Fire,Blacksmith,http://i.imgur.com/gkRKL.png,Medium,wyken,Unknown,http://i.imgur.com/ZH6Dk.png,,,,,,,,,,,,,,
Blacksmith Forge,Blacksmith,http://i.imgur.com/mTRBT.png,Easy,Charmee,Unknown,http://i.imgur.com/B7e9j.png,,,,,,,,,,,,,,
Blacksmith Running on Fire,Blacksmith,,Hard,Keviouk,Unknown,http://i.imgur.com/zoi3E.png,WIP -- Philoctitties,,,,,,,,,,,,,
Blacksmith's wife,Blacksmith,,Hard++,jscuur,Unknown,http://i.imgur.com/FgNFc.png,,,,,,,,,,,,,,
Blimp,Castle,,Hard++,Evsboy123,Pending,http://imgur.com/UOULv,"fyi, http://i.imgur.com/OhXE1.png -nonis",Not sure if you wanted it with or without the character sprites. I can add them back if you need them. -Evsboy123,,,,,,,,,,,,
Blorgons,Dreamatorium/Random Level,,Medium,MEGATRUCK,Unknown,http://i.imgur.com/egD0j.png,,,,,,,,,,,,,,
Bobbing,Hilda,http://i.imgur.com/jTWtw.png,Easy,niles_smiles,Unknown,http://i.imgur.com/mlaFl.png,http://imgur.com/AZjcj,,,,,,,,,,,,,
Bookshelf,Studyroom,http://i.imgur.com/9qgms.png,Medium,Lasternom,Unknown,http://i.imgur.com/GDgTh.png,replaced the spites. old version ==>,http://i.imgur.com/Vwpxt.png -outlandishflami,,,,,,,,,,,,
borchet hall (pool building),Greendale Exterior,,,edsterman,Unknown,https://dl.dropbox.com/u/3234330/greendale-exterior.png,,https://dl.dropbox.com/u/3234330/greendale-campus-mockup.png,,,,,,,,,,,,
Border Crossing,Overworld,http://i.imgur.com/36SMR.png,Hard,chanchan88,Yes,http://imgur.com/LTRbo,,,,,,,,,,,,,,
Boss Turkey,"Black Caverns
",what is this spreadsheet???????~?!,Hard++,Necral,Unknown,http://imgur.com/MaSwv,"These have been kicking my ass, but the first frame is done, alot of which are transferable to the other frames. Some one please take the wheel on this one, Thanks -jscuur","I will take over if its ok, spriting is really fun :D -Necral",,,,,,,,,,,,
Boss Turkey Eggs,Black Caverns,,Hard,Unameriquinn,Unknown,http://i.imgur.com/LwIfu.png,,,,,,,,,,,,,,
Bottles,Tavern,http://i.imgur.com/y9KJn.png,Hard++,alpenghandi,Yes,http://i.imgur.com/HxFxB.png,,,,,,,,,,,,,,
Boulder,Forest,http://i.imgur.com/GvPKa.png,Hard,mckriet,Unknown,http://i.imgur.com/cIerO.png,,,,,,,,,,,,,,
"Bow (3 frames) + Arrows, you don't have to draw troy",Weapon / Item,http://imgur.com/JGOQa,Easy,GameBoy09,Yes,http://i.imgur.com/dEwln.png,,,,,,,,,,,,,,
Brick walkway,New Abedtown,http://i.imgur.com/jMisp.png,Easy,Lasternom,Unknown,http://i.imgur.com/4HxFi.png,replaced the spites. old version ==>,http://imgur.com/fyk32 - kcig,,,,,,,,,,,,
Bridge,New Abedtown,,Medium,Lasternom,Unknown,http://i.imgur.com/4HxFi.png,,,,,,,,,,,,,,
Bridge,Overworld,http://i.imgur.com/ij91H.png,Easy,Tonyator,Yes,http://i.imgur.com/kgOA5.png http://i.imgur.com/T8Zsw.png,"My first sprite so I'm not sure dimensions/proportions are correct, any changes/comments needed, post them here http://www.reddit.com/r/hawkthorne/comments/vqavr/announcement_pixel_artists_overworld_sprites_need/c56q2sg",,,,,,,,,,,,,
Britta,Opening Credits,http://i.imgur.com/U9rtK.gif,Hard++,safetytorch,Unknown,http://i.imgur.com/RB196.png,,,,,,,,,,,,,,
Britta/Jeff & Hilda's Zeppelin,Castle,,Hard++,coolman1081,Pending,http://imgur.com/dBAoe,Being voted on. ~coolman1081,,,,,,,,,,,,,
Broken Ceiling Tile on the floor,Hallway,http://i.imgur.com/9eiMT.png,Medium,Lasternom,Unknown,http://i.imgur.com/GDgTh.png,,,,,,,,,,,,,,
Broken Computer monitor,Black caverns,,Medium,Petter_,Unknown,http://imgur.com/Ma5lXGZ,,,,,,,,,,,,,,
Broken Plant / Vase,Studyroom,http://i.imgur.com/jT0iL.png,Medium,Lasternom,Unknown,http://i.imgur.com/GDgTh.png,,,,,,,,,,,,,,
Burnt Remains,Blacksmith,http://i.imgur.com/8Qdia.png,Medium,Necral,Unknown,http://i.imgur.com/Wfw06,Made it transparent for you: http://i.imgur.com/BAbKd.png,,,,,,,,,,,,,
Butt Pirate,Gay Island,,Medium,gRaF_rOTZ,,,,,,,,,,,,,,,,
campus security golf cart,Greendale Exterior,,,edsterman,Unknown,https://dl.dropbox.com/u/3234330/greendale-exterior.png,,,,,,,,,,,,,,
campus signs and banners,Greendale Exterior,,,edsterman,Unknown,https://dl.dropbox.com/u/3234330/greendale-exterior.png,,https://dl.dropbox.com/u/3234330/greendale-campus-mockup.png,,,,,,,,,,,,
Case & weapons,Blacksmith,http://i.imgur.com/0DZDA.png,Easy,Unameriquinn,Unknown,http://i.imgur.com/2z8TH.png,See blacksmith wall weapons ^,,,,,,,,,,,,,
Castle Entrance,Castle Entrance,http://i.imgur.com/BLx3W.png,Hard++,VontD,Unknown,http://i.imgur.com/j5Zrn.png,Included animation from the episode (wasn't in screenshot).,,,,,,,,,,,,,
Cauldron,Potion Lab,,Hard,safetytorch,Unknown,http://media.photobucket.com/image/%255BSUBMISSION%255D/icebelow/Extrablacksmithstuff.png,,,,,,,,,,,,,,
Cauldrons,Blacksmith,http://i.imgur.com/Mhsax.png,Hard++,Charmee,Unknown,http://i.imgur.com/R9d85.png http://i.imgur.com/SuJm9.png,,,,,,,,,,,,,,
Cave wall (6 frames),New Abedtown,,Easy,Lasternom,Unknown,http://i.imgur.com/0HplY.png,,,,,,,,,,,,,,
Ceiling Tiles,Black Caverns,http://i.imgur.com/MVwL0.png,Easy,Benlew,Unknown,http://i.imgur.com/rHTWb.png,,,,,,,,,,,,,,
Chandelier,New Abedtown,http://i.imgur.com/clpj1.png,Hard,elfaisa,Unknown,http://i.imgur.com/glgSn.png,,,,,,,,,,,,,,
Chang-Frog,Valley of Laziness,,,gRaF_rOTZ,,http://i.imgur.com/aK8cI.png,,,,,,,,,,,,,,
Characters Crouching,Character,http://i.imgur.com/l5MPW.png,Hard,covertPZ,Unknown,http://imgur.com/wp6ba,,,,,,,,,,,,,,
Clouds,Forest,http://i.imgur.com/sdrNy.png,Hard+,outlandishflamingo,Unknown,http://i.imgur.com/Cq5P8.png,"After making these sprites, I noticed that there are already clouds in the game... What a waste of time ):","Don't worry, we can use them in other levels",,,,,,,,,,,,
clouds,Greendale Exterior,,,edsterman,Unknown,https://dl.dropbox.com/u/3234330/greendale-exterior.png,,https://dl.dropbox.com/u/3234330/greendale-campus-mockup.png,,,,,,,,,,,,
Clouds + Bushes,New Abedtown,,Easy,Lasternom,Unknown,http://i.imgur.com/4HxFi.png,,,,,,,,,,,,,,
Column,Castle,http://i.imgur.com/rPdMA.png,Medium,JewPorn,Unknown,http://i.imgur.com/VDxwC.png,http://i.imgur.com/Hhbrv.png (scaled to screenshot),,,,,,,,,,,,,
Computer,Black Caverns,http://i.imgur.com/CujSH.png,Medium,ElDuderino103,Unknown,http://i.imgur.com/Ie4z6.png,"First one I've done, I think I did well, let me know if anything needs changing",,,,,,,,,,,,,
Cornelius' Head,Forest,,Hard+,Zhai,Unknown,http://i.minus.com/ibwY8FG1EKvAil.png,,,,,,,,,,,,,,
Cornelius's Fire,Castle,http://i.imgur.com/MzYNE.png,Hard,outlandishflamingo,Unknown,http://i.imgur.com/nRsSL.png,,,,,,,,,,,,,,
Counter,Tavern,http://i.imgur.com/LK7jg.png,Hard++,alpenghandi&Charmee,Yes,http://i.imgur.com/KVNGu.png,"Fixed, now properly spaced and with detail in panels",,,,,,,,,,,,,
Cow,Town,http://i.imgur.com/grU1q.jpg,Hard++,nonisredael,No,http://nonis.me/community/cow.png,Link is broken   http://imgur.com/a/yU2nP,,,,,,,,,,,,,
Crouching,Hilda,http://i.imgur.com/UhGUk.png,Easy,safetytorch,Unknown,http://i.imgur.com/6YS7s.png,,,,,,,,,,,,,,
Crying,Hilda,http://i.imgur.com/nD82t.png,Medium,Ethiophia1,Unknown,http://i.imgur.com/tb3la.png,,,,,,,,,,,,,,
Cubes of Cornelius,Castle,http://i.imgur.com/fYgIT.png,Hard,James92498,Unknown,http://i.imgur.com/mEf3j.png,"Made both sizes, all directions.",,,,,,,,,,,,,
Currency,Blacksmith,,Easy,safetytorch,Unknown,http://media.photobucket.com/image/%255BSUBMISSION%255D/icebelow/Extrablacksmithstuff.png,,,,,,,,,,,,,,
Darker Wall Tile,Town Indoors,,Easy,Acedia,Yes,https://github.com/kyleconroy/hawkthorne-journey/raw/master/src/maps/inside.png,,,,,,,,,,,,,,
Dead Baby Jail + Skeleton,New Abedtown,http://i.imgur.com/nCZZH.png,Hard,fanjeta123/Lasternom,Unknown,http://imgur.com/a/EO3Lc,http://i.imgur.com/0HplY.png - Lasternom,,,,,,,,,,,,,
Dead Blacksmith (3 frames),Blacksmith,http://i.imgur.com/1crss.png,Hard,vintagefuture,Unknown,http://i.imgur.com/NqoKl.png,3 frames,,,,,,,,,,,,,
Dead Cow,Town,http://i.imgur.com/EdLHQ.png,Easy,nonisredael,Unknown,http://i.imgur.com/06AcW.png,,,,,,,,,,,,,,
Dealer (15 frames),Tavern,,Hard++,thekurtin,Yes,http://i.imgur.com/AhA5b.png?1,,,,,,,,,,,,,,
Dialog Boxes,In-game,,Easy,necromanteion,Unknown,http://i.imgur.com/Wzkxl.png,Unscaled: http://i.imgur.com/DN6R3.png,,,,,,,,,,,,,
Dirt (2 colors),New Abedtown,,Easy,Derferman/Lasternom,Unknown,http://i.imgur.com/4HxFi.png,,,,,,,,,,,,,,
Door to Cauldron Room,Town Indoors,http://i.imgur.com/EhuwH.png,Hard,kcig,Pending,http://i.imgur.com/VV5rr.png,Adjust your color settings or something if its barely visible,,,,,,,,,,,,,
dorm building (generic),Greendale Exterior,,,edsterman,Unknown,https://dl.dropbox.com/u/3234330/greendale-exterior.png,,https://dl.dropbox.com/u/3234330/greendale-campus-mockup.png,,,,,,,,,,,,
Dresser,Blacksmith,,Medium,safetytorch,Unknown,http://media.photobucket.com/image/%255BSUBMISSION%255D/icebelow/Extrablacksmithstuff.png,,,,,,,,,,,,,,
Elevator (8 frames),New Abedtown,,Medium,Lasternom,Unknown,http://i.imgur.com/KSiX3.png,,,,,,,,,,,,,,
Elevators,New Abedtown,http://i.imgur.com/2VOMY.png,Medium,calledieu/Lasternom,Unknown,http://i.imgur.com/AIxkQ.png,http://i.imgur.com/0HplY.png - Lasternom,,,,,,,,,,,,,
Exclamation Mark,In-game,http://i.imgur.com/FWGDY.jpg,Easy,Wubbledaddy,Unknown,http://i.imgur.com/M6hBU.png,,,,,,,,,,,,,,
find all the secret inappropriate messages (38),,,,,,,,,,,,,,,,,,,,
Fire (7 frames),Town,http://i.imgur.com/zLv38.png,Hard,renako,Unknown,http://i.imgur.com/0xS0K.png,Found 8 frames. 3 were close to mirrored copies of other frames.,,,,,,,,,,,,,
Fire Fairy,Gay Island,,Medium,NimNams,,http://i.imgur.com/MSQQr.png,,,,,,,,,,,,,,
Fish,Forest,,Medium,outlandishflamingo,Unknown,http://i.imgur.com/Valz8.png,http://i.imgur.com/bOQxV.png,,,,,,,,,,,,,
Flag,Forest,http://i.imgur.com/vN0Yb.png,Hard,Necral,Unknown,http://i.imgur.com/hOeMx,Isn't there a flag already in the game?,,,,,,,,,,,,,
Floor Tiles,Black Caverns,http://i.imgur.com/muvap.png,Easy,Benlew,Unknown,,,,,,,,,,,,,,,
Flooring,Castle,http://i.imgur.com/sPyAO.png,Easy,Octocycle2,Unknown,http://i.imgur.com/K9cBT.png,,,,,,,,,,,,,,
Flooring/Stairs ,New Abedtown,http://i.imgur.com/7ZVZT.png,Hard,Necral/Lasternom,Unknown,http://i.imgur.com/qZBWJ,http://i.imgur.com/0HplY.png - Lasternom,,,,,,,,,,,,,
Foosball Germans,Hallway,,,gRaF_rOTZ,,http://i.imgur.com/LwkUO.png,,,,,,,,,,,,,,
Forest Cat,Forest,http://i.imgur.com/hCbXE.png,Medium,keviouk,Unknown,http://i.imgur.com/4flzO.png,,,,,,,,,,,,,,
Fried Chicken,Black Caverns,http://i.imgur.com/VS8MA.png,Hard,Charmee,Unknown,http://i.imgur.com/VJv9W.png,,,,,,,,,,,,,,
garbage cans ,Greendale Exterior,,,edsterman,Unknown,https://dl.dropbox.com/u/3234330/greendale-exterior.png,,https://dl.dropbox.com/u/3234330/greendale-campus-mockup.png,,,,,,,,,,,,
Gay Island Rock,Overworld,http://i.imgur.com/yxQUz.png,Hard,"EverydayMuffin,Ohsin",,http://i.imgur.com/kjdGA.png    http://i.imgur.com/CEdia.png,Finished with help from mario3d,,,,,,,,,,,,,
Giant Luchador,Valley of Laziness,,,gRaF_rOTZ,,http://i.imgur.com/LwGHj.png,,,,,,,,,,,,,,
Gilbert,Character,http://i.imgur.com/foeb0.jpg,Hard+,Ohsin,Pending,http://i.imgur.com/HGrpS.png,"note: gilbert has like 5 different kicks for some reason  <That would be his somersault kick action and normal kick action> <<2 frames for kicking an item in the air, 1 for normal kicking, 3 for kicking into the air>>",,,,,,,,,,,,,
Gilbert's Lightning,Weapon / Item,http://i.imgur.com/T0AKc.jpg,Hard++,Lmol99,,http://i.imgur.com/u63wJ.jpg,,,,,,,,,,,,,,
Gilberts Finishing Lightning,Weapon / Item,http://i.imgur.com/XijRu.jpg,Hard++,Jackim,Unknown,http://i.imgur.com/aZUec.png,,,,,,,,,,,,,,
Glass Block,Black Caverns,http://i.imgur.com/e1oNX.png,Easy,Piratejesus,Unknown,http://i.imgur.com/BdiBT.png,,,,,,,,,,,,,,
Golden beams,New Abedtown,,Medium,Lasternom,Unknown,http://i.imgur.com/KSiX3.png,,,,,,,,,,,,,,
Golden Gate,New Abedtown,,Hard,DeliciousSoma,Unknown,http://i.imgur.com/ad9Bc.png,,,,,,,,,,,,,,
Grass Roof,Town Indoors,,Hard+,Derferman,Yes,https://github.com/kyleconroy/hawkthorne-journey/raw/master/src/maps/inside.png,Only one more to go,,,,,,,,,,,,,
Green Log,Forest,http://i.imgur.com/8IYUs.png,Medium,Unknown,,http://i.imgur.com/wODtZ.png,,,,,,,,,,,,,,
greendale flag,Greendale Exterior,,,edsterman,Unknown,https://dl.dropbox.com/u/3234330/greendale-exterior.png,,https://dl.dropbox.com/u/3234330/greendale-campus-mockup.png,,,,,,,,,,,,
guzman statute,Greendale Exterior,,,edsterman,Unknown,https://dl.dropbox.com/u/3234330/greendale-exterior.png,,https://dl.dropbox.com/u/3234330/greendale-campus-mockup.png,,,,,,,,,,,,
Hanging Ceiling Tile,Hallway,http://i.imgur.com/fM8E9.png,Hard++,Lasternom,Unknown,http://i.imgur.com/GDgTh.png,,,,,,,,,,,,,,
Hay + Pole,Blacksmith,,Hard++,"James92498, FilmSauce",Yes,,"Having difficulties. will be done sometime today or tommorow. Picture is not final copy, but i have the pole done and the outline of the hay pile done. Link: http://i.imgur.com/7ohgT.png    :   Scaled sprite: http://i.imgur.com/2Ul3I.png",I'll try to finish this. - safetytorch : also I find it much easier to see what's going on when you change the contrast/ levels on the image. So maybe that might help when it comes to really light images? http://i.imgur.com/RDxzD.png,,,,,,,,,,,,
Hilda Heart,Hilda,http://i.imgur.com/lxtPh.png,Easy,fardy,Unknown,http://i.imgur.com/TJZ3N.png,,,,,,,,,,,,,,
Hilda Portrait,Blacksmith,http://i.imgur.com/lhVqm.png,Hard++,midnightbarber,Pending,http://i.imgur.com/Dl6oj.png,,,,,,,,,,,,,,
Hilda Talking Smiley Thing,Hilda,http://i.imgur.com/9shVq.png,Easy,midnightbarber,Unknown,http://i.imgur.com/03MiF.png,,,,,,,,,,,,,,
Hoe,Blacksmith,http://i.imgur.com/zq0ap.png,Easy,Unameriquinn,Unknown,http://i.imgur.com/mMXMD.png,,,,,,,,,,,,,,
Ice pikes (3 frames),New Abedtown,,Easy,Lasternom,Unknown,http://i.imgur.com/0HplY.png,,,,,,,,,,,,,,
Ice roof,New Abedtown,,Hard,Lasternom,Unknown,http://i.imgur.com/0HplY.png,,,,,,,,,,,,,,
Item Menu,In-game,http://i.imgur.com/3Vbwi.png,Hard,Octocycle2,Unknown,http://i.imgur.com/FeAJS.png,"http://i.imgur.com/vvtRX.png
Made the Box more like the episode. You can Template this for the Start Menu",,,,,,,,,,,,,
Item set #1,Weapon / Item,http://i.imgur.com/NRMlk.png,Medium,jpole1,Unknown,http://i.imgur.com/weQGL.png,,,,,,,,,,,,,,
Item set #2,Weapon / Item,,Hard++,asdf,Unknown,http://i.imgur.com/lpDc9.png,,,,,,,,,,,,,,
Item set #3,Weapon / Item,http://i.imgur.com/ml9MO.png,Medium,Piratejesus,Unknown,http://i.imgur.com/WvKxV.png,,,,,,,,,,,,,,
Item set #4,Weapon / Item,http://i.imgur.com/LA2VA.png,Medium,Beebes,Unknown,http://i.imgur.com/ZN3pj.png,,,,,,,,,,,,,,
Item set #5,Weapon / Item,http://i.imgur.com/RODrs.png,Medium,Piratejesus,Unknown,http://i.imgur.com/B581g.png,,,,,,,,,,,,,,
Items 1,Weapon / Item,http://i.imgur.com/td8Lr.png,Medium,midnightbarber,Unknown,"These are done but I forgot to upload them, I'm away from home til the 11h. ",,,,,,,,,,,,,,
Items 2,Weapon / Item,http://i.imgur.com/T9ySy.png,Medium,midnightbarber,Unknown,,,,,,,,,,,,,,,
Items 3,Weapon / Item,http://i.imgur.com/lNcdk.png,Medium,midnightbarber,Unknown,,,,,,,,,,,,,,,
Jeff's Bombs,Weapon / Item,http://i.imgur.com/golHu.png,Medium,Petter_,Unknown,http://i.imgur.com/vmDKLAX.png,,,,,,,,,,,,,,
Jetpack,Castle,http://i.imgur.com/JbUEX.png,Medium,VontD,Unknown,http://imgur.com/u58ng,,,,,,,,,,,,,,
Jive Turkey ,Black Caverns,http://i.imgur.com/FvCM6.png,Hard,Necral,Unknown,http://i.imgur.com/tQTeL.png,,"I will take over for you, this is allot of fun :D -Necral",,,,,,,,,,,,
Jive Turkey Death Smoke,Black Caverns,,Hard,elfaisa,Unknown,http://i.imgur.com/PlTXE.png,More accurate version of this sprite uploaded by Seeker320. The earlier one was http://i.imgur.com/St6dm.png by elfaisa,,,,,,,,,,,,,
Jumping Girl,Town,http://i.imgur.com/i9LT5.png,Medium,fardy,Unknown,http://i.imgur.com/CZTfc.png,,,,,,,,,,,,,,
lamp post,Greendale Exterior,,,edsterman,Unknown,https://dl.dropbox.com/u/3234330/greendale-exterior.png,,https://dl.dropbox.com/u/3234330/greendale-campus-mockup.png,,,,,,,,,,,,
Lantern (include with and without light),New Abedtown,http://i.imgur.com/7VeVT.png,Hard,Charmee,Unknown,http://i.imgur.com/psRgt.png,,,,,,,,,,,,,,
Lava,Castle,http://www.rowsdowr.com/wp-content/uploads/2012/05/troyandabedshootinglava.gif,Hard,safetytorch,Unknown,http://i.imgur.com/OolUm.png,,,,,,,,,,,,,,
"lava ""beam"" for Troy and Abed's robots",Castle,,Easy,StillRelevant,Unknown,http://imgur.com/MEcX0dX,,,,,,,,,,,,,,
Lawnmower Mexican,Valley of Laziness,,,TheJordyD,,http://i.imgur.com/K2HVz.png,,,,,,,,,,,,,,
library building,Greendale Exterior,,,edsterman,Unknown,https://dl.dropbox.com/u/3234330/greendale-exterior.png,,https://dl.dropbox.com/u/3234330/greendale-campus-mockup.png,,,,,,,,,,,,
Little Old Guy,Town,http://i.imgur.com/3tH7q.png,Hard,konyismydad,Unknown,http://i.imgur.com/VWiGL.png,,,,,,,,,,,,,,
Log post (1 tile),Town Indoors,http://i.imgur.com/n7q3D.png,Easy,Derferman,Yes,https://github.com/kyleconroy/hawkthorne-journey/raw/master/src/maps/inside.png,,,,,,,,,,,,,,
Main Arch,New Abedtown,http://i.imgur.com/AqmSl.png,Hard,Lasternom       ,Unknown,http://i.imgur.com/KSiX3.png,,,,,,,,,,,,,,
maintenence building,Greendale Exterior,,,edsterman,Unknown,https://dl.dropbox.com/u/3234330/greendale-exterior.png,,https://dl.dropbox.com/u/3234330/greendale-campus-mockup.png,,,,,,,,,,,,
message board,Greendale Exterior,,,edsterman,Unknown,https://dl.dropbox.com/u/3234330/greendale-exterior.png,,https://dl.dropbox.com/u/3234330/greendale-campus-mockup.png,,,,,,,,,,,,
Mining Elevators,New Abedtown,http://i.imgur.com/OxJDK.png,Medium,calledieu,Unknown,http://i.imgur.com/ISlWz.png,,,,,,,,,,,,,,
Mirror/Bottles,Tavern,http://i.imgur.com/EJjgB.png,Hard++,alpenghandi&Charmee,Yes,http://i.imgur.com/TvjQv.png,Different version in the game?? :S,,,,,,,,,,,,,
Money Bills,Black Caverns,http://i.imgur.com/LdZoj.png,Medium,Unameriquinn,Unknown,http://i.imgur.com/aOZAY.png,,,,,,,,,,,,,,
Monkey,Forest,http://i.imgur.com/NJ0p7.png,Easy,keviouk,Unknown,http://i.imgur.com/XHu42.png,Dibs on Annie's Boobs,,,,,,,,,,,,,
Moving Fireplace (2 frames),Town Indoors,http://i.imgur.com/Q8PLw.png,Hard++,fardy,Unknown,http://i.imgur.com/FbUsd.png,,,,,,,,,,,,,,
Nacho Mountains,Overworld,http://imgur.com/hxzEt,Medium,mario3d,Yes,http://i.imgur.com/7pspH.png,<--- with sombrero. Full Range without sombrero http://i.imgur.com/kAQPp.png Single mountain http://i.imgur.com/htAtS.png,,,,,,,,,,,,,
Naked Troy,Character,http://24.media.tumblr.com/tumblr_m48kvdaNjK1qc5pzgo1_1280.gif and http://i.imgur.com/eIisD.gif,Hard++,,Unknown,,Link broken,,,,,,,,,,,,,
Neon Sign,Overworld,,Hard,Zhai,Unknown,http://i.minus.com/iJ1HIzJxjGcPp.png,,,,,,,,,,,,,,
north cafeteria building,Greendale Exterior,,,edsterman,Unknown,https://dl.dropbox.com/u/3234330/greendale-exterior.png,,https://dl.dropbox.com/u/3234330/greendale-campus-mockup.png,,,,,,,,,,,,
Note,In-game,http://i.imgur.com/p9Egs.png,Medium,Charmee,Unknown,http://i.imgur.com/L9Whj.png,,,,,,,,,,,,,,
Nuke,Castle,http://i.imgur.com/uDXpN.png,Hard++,VontD,Pending,http://i.imgur.com/OGJTN.png,Included without Pierce in case other characters need to use it.,,,,,,,,,,,,,
Openable chest (Possible multiple sprites for different levels?),In-game,,Easy,Petter_,,http://i.imgur.com/wzHQ6Jr.png / http://i.imgur.com/BdLZ0U2.png,,,,,,,,,,,,,,
Overworld Sprites,Overworld,http://i.imgur.com/go0kz.png,Easy,kcig,Unknown,http://i.imgur.com/bRV5s.png,,,,,,,,,,,,,,
Oxygen Meter,In-game,,Hard++,Ohsin,Unknown,http://i.imgur.com/SvVaf.png,Replaced older version which was made by outlandishflamingo.Old one  http://i.imgur.com/kPLcC.png,,,,,,,,,,,,,
Paintball Trooper,Forest,,Medium,TheJordyD,,http://i.imgur.com/Ubl4H.png,,,,,,,,,,,,,,
Painting,Town Indoors,http://i.imgur.com/tvVQK.png,Hard+,Beebes,Unknown,http://imgur.com/0qZDi,Rotated one is more than just a simple transformation :(,FIXED! :D -Necral,,,,,,,,,,,,
Palace,New Abedtown,http://i.imgur.com/XqRSI.png,Hard++,Anton9109/Lasternom,Unknown,http://i.imgur.com/hOlAc.png,http://i.imgur.com/4HxFi.png - Lasternom,,,,,,,,,,,,,
Pepper,Overworld,http://i.imgur.com/50nBh.png,Medium,Durrel,Yes,http://i.imgur.com/PQeb7.png,Fixed antialiasing and colors: http://i.imgur.com/jhZ9U.png -ADD_Attack,,,,,,,,,,,,,
Pier,Overworld,http://i.imgur.com/wi3dI.png,Hard,mario3d,Yes,http://i.imgur.com/qndzl.png,,,,,,,,,,,,,,
Pierce,Opening Credits,http://i.imgur.com/AAjwL.gif,Hard++,nonisredael,Unknown,,,,,,,,,,,,,,,
Pillar,New Abedtown,http://i.imgur.com/fNdb1.png,Easy,VontD/Lasternom,Unknown,http://imgur.com/UuIhp,http://i.imgur.com/KSiX3.png - Lasternom,,,,,,,,,,,,,
Planter Box + Plants,New Abedtown,http://i.imgur.com/ZAzkZ.png,Hard,Lasternom,Unknown,http://i.imgur.com/KSiX3.png,,,,,,,,,,,,,,
Planter Vase ,New Abedtown,,Easy,Lasternom,Unknown,http://i.imgur.com/KSiX3.png,,,,,,,,,,,,,,
Poker Table,Tavern,http://i.imgur.com/wHTQt.png,Hard++,thekurtin,Yes,http://i.imgur.com/G2VCv.png,,,,,,,,,,,,,,
Portraits,Castle,http://i.imgur.com/Q3a0k.png,Hard,Ohsin,Yes,http://i.imgur.com/VQo6l.png,,,,,,,,,,,,,,
Potion Making Clouds,Potion Lab,http://i.imgur.com/6rrjp.jpg,Hard+,lavenenosa,Unknown,http://i.imgur.com/jjo82.png,,,,,,,,,,,,,,
Potions,Potion Lab,,Easy,VilhelmSmurphy,,http://imgur.com/sru6p,,,,,,,,,,,,,,
Pregnant,Hilda,,Hard,safetytorch,Unknown,http://i.imgur.com/72jZf.png,,,,,,,,,,,,,,
Rainbow,Overworld,http://i.imgur.com/4RTyV.png,Medium,mario3d,Yes,http://i.imgur.com/bnMfO.png,I made the bridges but without the sparkling,,,,,,,,,,,,,
Red Archway,New Abedtown,,Easy,Lasternom,Unknown,http://i.imgur.com/KSiX3.png,,,,,,,,,,,,,,
Rock,Castle Entrance,http://i.imgur.com/OANKb.png,Hard++,Durrel,Unknown,http://i.imgur.com/8EAxm.png,,,,,,,,,,,,,,
Rock,Overworld,http://i.imgur.com/FhbP2.png,Medium,"Dyan654,Ohsin",Yes,http://i.imgur.com/66mAd.png   http://i.imgur.com/EIbGu.png,This is my absolute first sprite. Feel free to criticize. The coloring might also need some work.,,,,,,,,,,,,,
Rocks (3 colors),New Abedtown,,Hard++,Lasternom,Unknown,http://i.imgur.com/0HplY.png,,,,,,,,,,,,,,
Rocks (5 colors) ,New Abedtown,,Hard++,Lasternom,Unknown,http://i.imgur.com/4HxFi.png,,,,,,,,,,,,,,
Rolling Stone Mouth,Black Caverns,http://i.imgur.com/OLa0b.png,Hard+,elfaisa,Unknown,http://i.imgur.com/xAXIP.png,,,,,,,,,,,,,,
s,studyroom,http://i.imgur.com/KmmPX.png,Medium,VontD,Unknown,http://imgur.com/PCaYz,,,,,,,,,,,,,,
School,Overworld,http://sakarisingh.com/wp-content/uploads/2012/05/background_13.jpg,Hard+,mario3d,Yes,http://i.imgur.com/cBJUN.png,Updated with Luis Guzman statue. I changed the coloring from the sample and added a pedestal to make it more readily apparent that it was the statue and not a person standing there.,,,,,,,,,,,,,
Sewer Waterfall (hole + 4 frames),New Abedtown,,Medium,Lasternom,Unknown,http://i.imgur.com/4HxFi.png,,,,,,,,,,,,,,
Shirley,Opening Credits,http://i.imgur.com/IDHKx.gif,Hard++,niles_smiles,Unknown,http://imgur.com/a/x8ndT,has this been turned into sprites or were they just screen captures?,wats the difference? aren't sprites just images?,"Well in this case, we're supposed to draw them out by hand using the screen captures as the reference, not use the screen caps themselves.","Sorry, I'm such a noob. thanks for the explanation.",,,,,,,,,,
Shirleycopter,Castle,http://i.imgur.com/iE3DT.png,Hard++,nonisredael,Unknown,http://imgur.com/j2rUq,,"Keep the language to a minimum, nonisredael!
someone kept deleting my name from this, sorry :/ -nonis",,,,,,,,,,,,
Side Archway,New Abedtown,http://i.imgur.com/gHWXm.png,Hard+,Lasternom,Unknown,http://i.imgur.com/KSiX3.png,,,,,,,,,,,,,,
sidewalk ground,Greendale Exterior,,,edsterman,Unknown,https://dl.dropbox.com/u/3234330/greendale-exterior.png,,https://dl.dropbox.com/u/3234330/greendale-campus-mockup.png,,,,,,,,,,,,
Skyscraper,New Abedtown,,Hard,Lasternom,Unknown,http://i.imgur.com/4HxFi.png,replaced the spites. old version ==>,http://i.imgur.com/qBzWH - Necral,,,,,,,,,,,,
Small Archway ,New Abedtown,,Hard,Lasternom,Unknown,http://i.imgur.com/KSiX3.png,,,,,,,,,,,,,,
Small purple blood splatter (2color),Hallway,http://i.imgur.com/udhz5.png,Medium,Lasternom,Unknown,http://i.imgur.com/GDgTh.png,,,,,,,,,,,,,,
Smashed Bottles (4 frames),Tavern,http://i.imgur.com/X0OMj.png,Hard++,Octocycle2,Unknown,http://i.imgur.com/d66Wu.png,,,,,,,,,,,,,,
Smashed Pots (6 frames),Tavern,http://i.imgur.com/LYbvV.png,Hard++,wyken,Unknown,http://i.imgur.com/IX67I.png,*Single pot was inaccurate. use wyken's first frame for all pots,,,,,,,,,,,,,
Sombrero,Overworld,http://i.imgur.com/4cRvI.png,Hard+,mario3d,Yes,http://i.imgur.com/YXBrK.png,,,,,,,,,,,,,,
Stairs,Town Indoors,http://i.imgur.com/vNLKk.png,Hard++,Octocycle2,Pending,http://i.imgur.com/nqYeg.png,Not perfect. but close enough,,,,,,,,,,,,,
Stairs,Town Indoors,http://i.imgur.com/AKTtR.jpg,Easy,EasilyRemember,Unknown,http://i.imgur.com/k7auW.png,,,,,,,,,,,,,,
Start Menu,In-game,http://i.imgur.com/O8x9M.jpg,Medium,necromanteion,Unknown,http://i.imgur.com/PXMAI.png,Unscaled: http://i.imgur.com/VqdkD.png,,,,,,,,,,,,,
Steps + carpet,New Abedtown,,Medium,Lasternom,Unknown,http://i.imgur.com/KSiX3.png,,,,,,,,,,,,,,
Strength Potion,Weapon / Item,http://i.imgur.com/qV5TJ.png,Medium,midnightbarber,Unknown,http://i.imgur.com/YykyE.png,,,,,,,,,,,,,,
Strength Potion ,Weapon / Item,http://i.imgur.com/HZgqQ.png,Easy,wyken,Unknown,http://i.imgur.com/nRQi9.png,Made one without the border: http://i.imgur.com/1zze1.png,,,,,,,,,,,,,
Support Beam,New Abedtown,,Medium,Lasternom,Unknown,http://i.imgur.com/0HplY.png,,,,,,,,,,,,,,
Sword,Blacksmith,http://imgur.com/YnPpR,Easy,Glasenator,Yes,http://i.imgur.com/MVROC.png,,,,,,,,,,,,,,
Table,Studyroom,http://i.imgur.com/jZInY.png,Medium,outlandishflamingo,Unknown,http://i.imgur.com/nH73p.png,,,,,,,,,,,,,,
Taco,Overworld,http://i.imgur.com/4R9uP.png,Hard+,Ohsin,Unknown,http://imgur.com/Ka6JV,,,,,,,,,,,,,,
Tang River,Black Caverns,,Hard,VilhelmSmurphy,Unknown,http://imgur.com/hB5UE,,,,,,,,,,,,,,
Tavern,New Abedtown,http://i.imgur.com/YVMdm.png,Hard++,thekurtin/Lasternom,Unknown,http://i.imgur.com/wkFmw.png,http://i.imgur.com/4HxFi.png - Lasternom,,,,,,,,,,,,,
Tequila-Tossing Mexican,Valley of Laziness,,,gRaF_rOTZ,,http://i.imgur.com/Y7FPG.png,,,,,,,,,,,,,,
Throne,Castle,http://i.imgur.com/Q3a0k.png,Hard,Necral,Unknown,http://i.imgur.com/cgtCy.png,"fyi, http://i.imgur.com/cNUsf.png -nonis",,,,,,,,,,,,,
Throne Staircase (2 frames on the lavafall),Castle,http://i.imgur.com/xfipP.png,Hard,AaronPetykowski,Unknown,http://imgur.com/uXchn&jNJGi,Message AaronPetykowski if any further work is required with this,,,,,,,,,,,,,
Throne Stairs,Castle,,Medium,Derferman,Unknown,http://i.imgur.com/iFjwu.png,,,,,,,,,,,,,,
Throwing Knives,Weapon / Item,http://i.imgur.com/qr8DE.png,Easy,nonisredael,Unknown,http://i.imgur.com/La9dh.png,,,,,,,,,,,,,,
Tilted Painting,Town Indoors,http://i.imgur.com/tvVQK.png,Hard++,Beebes,Yes,http://i.imgur.com/0qZDi.png,,,,,,,,,,,,,,
Torch (6 frames),New Abedtown,,Easy,Lasternom,Unknown,http://i.imgur.com/KSiX3.png,,,,,,,,,,,,,,
Torch (6 frames),Town Indoors,http://i.imgur.com/0Tgs3.png,Hard,Evsboy123,Yes,http://i.imgur.com/7Mka4.png,,,,,,,,,,,,,,
"Torch Attacking (2 frames, you dont have to draw britta)",Weapon / Item,http://i.imgur.com/F3Epb.png,Medium,Beebes,Unknown,http://i.imgur.com/t6TzT.png,,,,,,,,,,,,,,
Torch Stands,Castle,,Medium,Derferman,Unknown,http://i.imgur.com/NtJXC.png,,,,,,,,,,,,,,
Town Knight,Town,,Medium,PirateJesus,Unknown,http://i.imgur.com/CTq5v.png,,,,,,,,,,,,,,
Town Lady,Town,http://i.imgur.com/emsox.png,Hard++,midnightbarber,Unknown,http://i.imgur.com/6rGCe.png,,,,,,,,,,,,,,
Town Yellow Guy,Town,http://i.imgur.com/2mLoi.png,Medium,Beebes,Unknown,http://i.imgur.com/Xsnz6.png,,,,,,,,,,,,,,
Treasure Chest,Blacksmith,http://i.imgur.com/te90v.png,Easy,Piratejesus,Unknown,http://i.imgur.com/owoD6.png,,,,,,,,,,,,,,
tree (green leaf/brown truck),Greendale Exterior,,,edsterman,Unknown,https://dl.dropbox.com/u/3234330/greendale-exterior.png,,https://dl.dropbox.com/u/3234330/greendale-campus-mockup.png,,,,,,,,,,,,
Tree Root,Castle Entrance,http://i.imgur.com/1XOdj.png,Easy,fardy,Unknown,http://i.imgur.com/TRLT2.png,,,,,,,,,,,,,,
Tree Stump,Forest,http://i.imgur.com/I38CD.png,Hard+,fieldafar,Unknown,http://i.imgur.com/0y8Sk.png,WIP - Not finished yet (fyi theres several different tree stumps - see http://i.imgur.com/9db61.jpg),,,,,,,,,,,,,
Troy,Opening Credits,http://24.media.tumblr.com/tumblr_m48kvdaNjK1qc5pzgo6_1280.gif and http://i.imgur.com/mVtWg.gif,Hard++,Necral,Unknown,http://i.imgur.com/NOQcf,This needs to be redone.,I guess I'll work on this too. - safetytorch edit: I am a bit busy with school at the moment so I won't be able to finish any of the realistic faces any time soon. I will work on them but yeah..,"Kay, I'm definitely going to work on these sprites, but I have exams coming up and won't be finished until the July 18th. If anyone wants to work on any of the sprites I've signed up for in the meantime, go ahead. If not, I will work on them after my exams.",,,,,,,,,,,
Troy's Mallet,Weapon / Item,http://i.imgur.com/TeXej.png,Easy,Glasenator,Unknown,http://i.imgur.com/VvxmJ.png,,,,,,,,,,,,,,
Troy's Robot,Castle,http://i.imgur.com/TSHuA.png,Hard++,VontD,Unknown,http://i.imgur.com/o6Sxi.png,,,,,,,,,,,,,,
Vent,Hallway,http://i.imgur.com/etDMd.png,Medium,Lasternom,Unknown,http://i.imgur.com/GDgTh.png,,,,,,,,,,,,,,
Walking,Hilda,http://i.imgur.com/jTWtw.png,Medium,safetytorch,Unknown,http://i.imgur.com/j3fCP.png,,,,,,,,,,,,,,
Wall,New Abedtown,http://i.imgur.com/L255X.png,Medium,Lasternom,Unknown,http://i.imgur.com/4HxFi.png,replaced the spites. old version ==>,http://i.imgur.com/juF2T - Necral,,,,,,,,,,,,
Wall Weapons,Blacksmith,,Hard+,period blood,Yes,http://i.imgur.com/QryJF.png,,,,,,,,,,,,,,
Watch (2 frames),Black Caverns,http://i.imgur.com/xKrmk.png,Medium,Charmee,Unknown,http://i.imgur.com/jOcI5.png,,,,,,,,,,,,,,
Water,Castle Entrance,http://i.imgur.com/P1Utf.png,Easy,akobrandon,Yes,http://i.imgur.com/OWStH.png,,,,,,,,,,,,,,
"Waterfall (3 tiles, 4 frames)",Forest,http://i.imgur.com/D1Bmv.png,Hard,Ohsin,Unknown,http://i.imgur.com/p6yET.png,,,,,,,,,,,,,,
Watermelon,Black Caverns,http://i.imgur.com/gapYu.png,Hard,Octocycle2,Unknown,http://i.imgur.com/r2xYg.png,,,,,,,,,,,,,,
Web,Black Caverns,http://i.imgur.com/sVFy1.png,Hard,outlandishflamingo,Unknown,http://i.imgur.com/U8yzV.png http://i.imgur.com/A7HJh.png,I did a blue one and a white one just in case,nice!,,,,,,,,,,,,
Well,Town,,Hard,kcig,Unknown,http://imgur.com/zYOGy,,,,,,,,,,,,,,
Wheelchair,Overworld,http://i.imgur.com/kndhG.png,Hard+,NimNams,Pending,http://i.imgur.com/eVOj3.png,"Like others, this is my first sprite. Feel free to suggest changes/improvements.",,,,,,,,,,,,,
White Crystal,Black Caverns,,Hard+,elfaisa,Unknown,http://i.imgur.com/fd7r7.png,,,,,,,,,,,,,,
White Crystal Pedestal,Castle Entrance,http://i.imgur.com/NOhQQ.png,Hard,elfaisa,Unknown,http://i.imgur.com/xOMg5.png,,,,,,,,,,,,,,
Wooden Floor (1 tile),Town Indoors,http://i.imgur.com/gRGtm.jpg,Easy,Derferman,Yes,http://i.imgur.com/Bn3cX.png,,,,,,,,,,,,,,
Yellow Forest Tree Bark,Forest,http://i.imgur.com/Bd9CH.png,Hard++,Beebes,Pending,http://i.imgur.com/t3WzA.png,,,,,,,,,,,,,,
,Blacksmith,http://i.imgur.com/9oB0P.png,Hard,elfaisa,Unknown,http://i.imgur.com/2Lcz8.png,,,,,,,,,,,,,,
,Hallway,http://i.imgur.com/RqWy3.jpg,Medium,Lasternom,Unknown,http://i.imgur.com/GDgTh.png,,,,,,,,,,,,,,
,,,,,,,,,,,,,,,,,,,,
,,,,,,,,,,,,,,,,,,,,
,,,,,,,,,,,,,,,,,,,,
,,,,,,,,,,,,,,,,,,,,
,,,,,,,,,,,,,,,,,,,,
,,,,,,,,,,,,,,,,,,,,
,,,,,,,,,,,,,,,,,,,,
,,,,,,,,,,,,,,,,,,,,
,,,,,,,,,,,,,,,,,,,,
,,,,,,,,,,,,,,,,,,,,
,,,,,,,,,,,,,,,,,,,,
,,,,,,,,,,,,,,,,,,,,
,,,,,,,,,,,,,,,,,,,,
,,,,,,,,,,,,,,,,,,,,
,,,,,,,,,,,,,,,,,,,,
,,,,,,,,,,,,,,,,,,,,
,,,,,,,,,,,,,,,,,,,,
,,,,,,,,,,,,,,,,,,,,
,,,,,,,,,,,,,,,,,,,,
,,,,,,,,,,,,,,,,,,,,
,,,,,,,,,,,,,,,,,,,,
,,,,,,,,,,,,,,,,hey,,,,
,,,,,,,,,,,,,,,,,,,,
,,,,,,,,,,,,,,,,,,,,
,,,,,,,,,,,,,,,,,,,,
,,,,,,,,,,,,,,,,,,,,
,,,,,,,,,,,,,,,,,,,,
,,,,,,,,,,,,,,,,,,,,
,,,,,,,,,,,,,,,,,,,,
,,,,,,,,,,,,,,,,,,,,
,,,,,,,,,,,,,,,,,,,,
,,,,,,,,,,,,,,,,,,,,
,,,,,,,,,,,,,,,,,,,,
,,,,,,,,,,,,,,,,,,,,
,,,,,,,,,,,,,,,,,,,,
,,,,,,,,,,,,,,,,,,,,
,,,,,,,,,,,,,,,,,,,,
,,,,,,,,,,,,,,,,,,,,
,,,,,,,,,,,,,,,,,,,,
,,,,,,,,,,,,,,,,,,,,
,,,,,,,,,,,,,,,,,,,,
,,,,,,,,,,,,,,,,,,,,
,,,,,,,,,,,,,,,,,,,,
,,,,,,,,,,,,,,,,,,,,
,,,,,,,,,,,,,,,,,,,,
,,,,,,,,,,,,,,,,,,,,
,,,,,,,,,,,,,,,,,,,,
,,,,,,,,,,,,,,,,,,,,
,,,,,,,,,,,,,,,,,,,,
,,,,,,,,,,,,,,,,,,,,
,,,,,,,,,,,,,,,,,,,,
,,,,,,,,,,,,,,,,,,,,
,,,,,,,,,,,,,,,,,,,,
,,,,,,,,,,,,,,,,,,,,
,,,,,,,,,,,,,,,,,,,,
,,,,,,,,,,,,,,,,,,,,
,,,,,,,,,,,,,,,,,,,,
,,,,,,,,,,,,,,,,,,,,
,,,,,,,,,,,,,,,,,,,,
,,,,,,,,,,,,,,,,,,,,
,,,,,,,,,,,,,,,,,,,,
,,,,,,,,,,,,,,,,,,,,
,,,,,,,,,,,,,,,,,,,,
,,,,,,,,,,,,,,,,,,,,
,,,,,,,,,,,,,,,,,,,,
,,,,,,,,,,,,,,,,,,,,
,,,,,,,,,,,,,,,,,,,,
,,,,,,,,,,,,,,,,,,,,
,,,,,,,,,,,,,,,,,,,,
,,,,,,,,,,,,,,,,,,,,
,,,,,,,,,,,,,,,,,,,,
,,,,,,,,,,,,,,,,,,,,
,,,,,,,,,,,,,,,,,,,,
,,,,,,,,,,,,,,,,,,,,
,,,,,,,,,,,,,,,,,,,,
,,,,,,,,,,,,,,,,,,,,
,,,,,,,,,,,,,,,,,,,,
,,,,,,,,,,,,,,,,,,,,
,,,,,,,,,,,,,,,,,,,,
,,,,,,,,,,,,,,,,,,,,
,,,,,,,,,,,,,,,,,,,,
,,,,,,,,,,,,,,,,,,,,
,,,,,,,,,,,,,,,,,,,,
,,,,,,,,,,,,,,,,,,,,
,,,,,,,,,,,,,,,,,,,,
,,,,,,,,,,,,,,,,,,,,
,,,,,,,,,,,,,,,,,,,,
,,,,,,,,,,,,,,,,,,,,
,,,,,,,,,,,,,,,,,,,,
,,,,,,,,,,,,,,,,,,,,
,,,,,,,,,,,,,,,,,,,,
,,,,,,,,,,,,,,,,,,,,
,,,,,,,,,,,,,,,,,,,,
,,,,,,,,,,,,,,,,,,,,
,,,,,,,,,,,,,,,,,,,,
,,,,,,,,,,,,,,,,,,,,
,,,,,,,,,,,,,,,,,,,,
,,,,,,,,,,,,,,,,,,,,
,,,,,,,,,,,,,,,,,,,,
,,,,,,,,,,,,,,,,,,,,
,,,,,,,,,,,,,,,,,,,,
,,,,,,,,,,,,,,,,,,,,
,,,,,,,,,,,,,,,,,,,,
,,,,,,,,,,,,,,,,,,,,
,,,,,,,,,,,,,,,,,,,,
,,,,,,,,,,,,,,,,,,,,
,,,,,,,,,,,,,,,,,,,,
,,,,,,,,,,,,,,,,,,,,
,,,,,,,,,,,,,,,,,,,,
,,,,,,,,,,,,,,,,,,,,
,,,,,,,,,,,,,,,,,,,,
,,,,,,,,,,,,,,,,,,,,
,,,,,,,,,,,,,,,,,,,,
,,,,,,,,,,,,,,,,,,,,
,,,,,,,,,,,,,,,,,,,,
,,,,,,,,,,,,,,,,,,,,
,,,,,,,,,,,,,,,,,,,,
,,,,,,,,,,,,,,,,,,,,
,,,,,,,,,,,,,,,,,,,,
,,,,,,,,,,,,,,,,,,,,
,,,,,,,,,,,,,,,,,,,,
,,,,,,,,,,,,,,,,,,,,
,,,,,,,,,,,,,,,,,,,,
,,,,,,,,,,,,,,,,,,,,
,,,,,,,,,,,,,,,,,,,,
,,,,,,,,,,,,,,,,,,,,
,,,,,,,,,,,,,,,,,,,,
,,,,,,,,,,,,,,,,,,,,
,,,,,,,,,,,,,,,,,,,,
,,,,,,,,,,,,,,,,,,,,
,,,,,,,,,,,,,,,,,,,,
,,,,,,,,,,,,,,,,,,,,
,,,,,,,,,,,,,,,,,,,,
,,,,,,,,,,,,,,,,,,,,
,,,,,,,,,,,,,,,,,,,,
,,,,,,,,,,,,,,,,,,,,
,,,,,,,,,,,,,,,,,,,,
,,,,,,,,,,,,,,,,,,,,
,,,,,,,,,,,,,,,,,,,,
,,,,,,,,,,,,,,,,,,,,
,,,,,,,,,,,,,,,,,,,,
,,,,,,,,,,,,,,,,,,,,
,,,,,,,,,,,,,,,,,,,,
,,,,,,,,,,,,,,,,,,,,
,,,,,,,,,,,,,,,,,,,,
,,,,,,,,,,,,,,,,,,,,
,,,,,,,,,,,,,,,,,,,,
,,,,,,,,,,,,,,,,,,,,
,,,,,,,,,,,,,,,,,,,,
,,,,,,,,,,,,,,,,,,,,
,,,,,,,,,,,,,,,,,,,,
,,,,,,,,,,,,,,,,,,,,
,,,,,,,,,,,,,,,,,,,,
,,,,,,,,,,,,,,,,,,,,
,,,,,,,,,,,,,,,,,,,,
,,,,,,,,,,,,,,,,,,,,
,,,,,,,,,,,,,,,,,,,,
,,,,,,,,,,,,,,,,,,,,
,,,,,,,,,,,,,,,,,,,,
,,,,,,,,,,,,,,,,,,,,
,,,,,,,,,,,,,,,,,,,,
,,,,,,,,,,,,,,,,,,,,
,,,,,,,,,,,,,,,,,,,,
,,,,,,,,,,,,,,,,,,,,
,,,,,,,,,,,,,,,,,,,,
,,,,,,,,,,,,,,,,,,,,
,,,,,,,,,,,,,,,,,,,,
,,,,,,,,,,,,,,,,,,,,
,,,,,,,,,,,,,,,,,,,,
,,,,,,,,,,,,,,,,,,,,
,,,,,,,,,,,,,,,,,,,,
,,,,,,,,,,,,,,,,,,,,
,,,,,,,,,,,,,,,,,,,,
,,,,,,,,,,,,,,,,,,,,
,,,,,,,,,,,,,,,,,,,,
,,,,,,,,,,,,,,,,,,,,
,,,,,,,,,,,,,,,,,,,,
,,,,,,,,,,,,,,,,,,,,
,,,,,,,,,,,,,,,,,,,,
,,,,,,,,,,,,,,,,,,,,
,,,,,,,,,,,,,,,,,,,,
,,,,,,,,,,,,,,,,,,,,
,,,,,,,,,,,,,,,,,,,,
,,,,,,,,,,,,,,,,,,,,
,,,,,,,,,,,,,,,,,,,,
,,,,,,,,,,,,,,,,,,,,
,,,,,,,,,,,,,,,,,,,,
,,,,,,,,,,,,,,,,,,,,
,,,,,,,,,,,,,,,,,,,,
,,,,,,,,,,,,,,,,,,,,
,,,,,,,,,,,,,,,,,,,,
,,,,,,,,,,,,,,,,,,,,
,,,,,,,,,,,,,,,,,,,,
,,,,,,,,,,,,,,,,,,,,
,,,,,,,,,,,,,,,,,,,,
,,,,,,,,,,,,,,,,,,,,
,,,,,,,,,,,,,,,,,,,,
,,,,,,,,,,,,,,,,,,,,
,,,,,,,,,,,,,,,,,,,,
,,,,,,,,,,,,,,,,,,,,
,,,,,,,,,,,,,,,,,,,,
,,,,,,,,,,,,,,,,,,,,
,,,,,,,,,,,,,,,,,,,,
,,,,,,,,,,,,,,,,,,,,
,,,,,,,,,,,,,,,,,,,,
,,,,,,,,,,,,,,,,,,,,
,,,,,,,,,,,,,,,,,,,,
,,,,,,,,,,,,,,,,,,,,
,,,,,,,,,,,,,,,,,,,,
,,,,,,,,,,,,,,,,,,,,
,,,,,,,,,,,,,,,,,,,,
,,,,,,,,,,,,,,,,,,,,
,,,,,,,,,,,,,,,,,,,,
,,,,,,,,,,,,,,,,,,,,
,,,,,,,,,,,,,,,,,,,,
,,,,,,,,,,,,,,,,,,,,
,,,,,,,,,,,,,,,,,,,,
,,,,,,,,,,,,,,,,,,,,
,,,,,,,,,,,,,,,,,,,,
,,,,,,,,,,,,,,,,,,,,
,,,,,,,,,,,,,,,,,,,,
,,,,,,,,,,,,,,,,,,,,
,,,,,,,,,,,,,,,,,,,,
,,,,,,,,,,,,,,,,,,,,
,,,,,,,,,,,,,,,,,,,,
,,,,,,,,,,,,,,,,,,,,
,,,,,,,,,,,,,,,,,,,,
,,,,,,,,,,,,,,,,,,,,
,,,,,,,,,,,,,,,,,,,,
,,,,,,,,,,,,,,,,,,,,
,,,,,,,,,,,,,,,,,,,,
,,,,,,,,,,,,,,,,,,,,
,,,,,,,,,,,,,,,,,,,,
,,,,,,,,,,,,,,,,,,,,
,,,,,,,,,,,,,,,,,,,,
,,,,,,,,,,,,,,,,,,,,
,,,,,,,,,,,,,,,,,,,,
,,,,,,,,,,,,,,,,,,,,
,,,,,,,,,,,,,,,,,,,,
,,,,,,,,,,,,,,,,,,,,
,,,,,,,,,,,,,,,,,,,,
,,,,,,,,,,,,,,,,,,,,
,,,,,,,,,,,,,,,,,,,,
,,,,,,,,,,,,,,,,,,,,
,,,,,,,,,,,,,,,,,,,,
,,,,,,,,,,,,,,,,,,,,
,,,,,,,,,,,,,,,,,,,,
,,,,,,,,,,,,,,,,,,,,
,,,,,,,,,,,,,,,,,,,,
,,,,,,,,,,,,,,,,,,,,
,,,,,,,,,,,,,,,,,,,,
,,,,,,,,,,,,,,,,,,,,
,,,,,,,,,,,,,,,,,,,,
,,,,,,,,,,,,,,,,,,,,
,,,,,,,,,,,,,,,,,,,,
,,,,,,,,,,,,,,,,,,,,
,,,,,,,,,,,,,,,,,,,,
,,,,,,,,,,,,,,,,,,,,
,,,,,,,,,,,,,,,,,,,,
,,,,,,,,,,,,,,,,,,,,
,,,,,,,,,,,,,,,,,,,,
,,,,,,,,,,,,,,,,,,,,
,,,,,,,,,,,,,,,,,,,,
,,,,,,,,,,,,,,,,,,,,
,,,,,,,,,,,,,,,,,,,,
,,,,,,,,,,,,,,,,,,,,
,,,,,,,,,,,,,,,,,,,,
,,,,,,,,,,,,,,,,,,,,
,,,,,,,,,,,,,,,,,,,,
,,,,,,,,,,,,,,,,,,,,
,,,,,,,,,,,,,,,,,,,,
,,,,,,,,,,,,,,,,,,,,
,,,,,,,,,,,,,,,,,,,,
,,,,,,,,,,,,,,,,,,,,
,,,,,,,,,,,,,,,,,,,,
,,,,,,,,,,,,,,,,,,,,
,,,,,,,,,,,,,,,,,,,,
,,,,,,,,,,,,,,,,,,,,
,,,,,,,,,,,,,,,,,,,,
,,,,,,,,,,,,,,,,,,,,
,,,,,,,,,,,,,,,,,,,,
,,,,,,,,,,,,,,,,,,,,
,,,,,,,,,,,,,,,,,,,,
,,,,,,,,,,,,,,,,,,,,
,,,,,,,,,,,,,,,,,,,,
,,,,,,,,,,,,,,,,,,,,
,,,,,,,,,,,,,,,,,,,,
,,,,,,,,,,,,,,,,,,,,
,,,,,,,,,,,,,,,,,,,,
,,,,,,,,,,,,,,,,,,,,
,,,,,,,,,,,,,,,,,,,,
,,,,,,,,,,,,,,,,,,,,
,,,,,,,,,,,,,,,,,,,,
,,,,,,,,,,,,,,,,,,,,
,,,,,,,,,,,,,,,,,,,,
,,,,,,,,,,,,,,,,,,,,
,,,,,,,,,,,,,,,,,,,,
,,,,,,,,,,,,,,,,,,,,
,,,,,,,,,,,,,,,,,,,,
,,,,,,,,,,,,,,,,,,,,
,,,,,,,,,,,,,,,,,,,,
,,,,,,,,,,,,,,,,,,,,
,,,,,,,,,,,,,,,,,,,,
,,,,,,,,,,,,,,,,,,,,
,,,,,,,,,,,,,,,,,,,,
,,,,,,,,,,,,,,,,,,,,
,,,,,,,,,,,,,,,,,,,,
,,,,,,,,,,,,,,,,,,,,
,,,,,,,,,,,,,,,,,,,,
,,,,,,,,,,,,,,,,,,,,
,,,,,,,,,,,,,,,,,,,,
,,,,,,,,,,,,,,,,,,,,
,,,,,,,,,,,,,,,,,,,,
,,,,,,,,,,,,,,,,,,,,
,,,,,,,,,,,,,,,,,,,,
,,,,,,,,,,,,,,,,,,,,
,,,,,,,,,,,,,,,,,,,,
,,,,,,,,,,,,,,,,,,,,
,,,,,,,,,,,,,,,,,,,,
,,,,,,,,,,,,,,,,,,,,
,,,,,,,,,,,,,,,,,,,,
,,,,,,,,,,,,,,,,,,,,
,,,,,,,,,,,,,,,,,,,,
,,,,,,,,,,,,,,,,,,,,
,,,,,,,,,,,,,,,,,,,,
,,,,,,,,,,,,,,,,,,,,
,,,,,,,,,,,,,,,,,,,,
,,,,,,,,,,,,,,,,,,,,
,,,,,,,,,,,,,,,,,,,,
,,,,,,,,,,,,,,,,,,,,
,,,,,,,,,,,,,,,,,,,,
,,,,,,,,,,,,,,,,,,,,
,,,,,,,,,,,,,,,,,,,,
,,,,,,,,,,,,,,,,,,,,
,,,,,,,,,,,,,,,,,,,,
,,,,,,,,,,,,,,,,,,,,
,,,,,,,,,,,,,,,,,,,,
,,,,,,,,,,,,,,,,,,,,
,,,,,,,,,,,,,,,,,,,,
,,,,,,,,,,,,,,,,,,,,
,,,,,,,,,,,,,,,,,,,,
,,,,,,,,,,,,,,,,,,,,
,,,,,,,,,,,,,,,,,,,,
,,,,,,,,,,,,,,,,,,,,
,,,,,,,,,,,,,,,,,,,,
,,,,,,,,,,,,,,,,,,,,
,,,,,,,,,,,,,,,,,,,,
,,,,,,,,,,,,,,,,,,,,
,,,,,,,,,,,,,,,,,,,,
,,,,,,,,,,,,,,,,,,,,
,,,,,,,,,,,,,,,,,,,,
,,,,,,,,,,,,,,,,,,,,
,,,,,,,,,,,,,,,,,,,,
,,,,,,,,,,,,,,,,,,,,
,,,,,,,,,,,,,,,,,,,,
,,,,,,,,,,,,,,,,,,,,
,,,,,,,,,,,,,,,,,,,,
,,,,,,,,,,,,,,,,,,,,
,,,,,,,,,,,,,,,,,,,,
,,,,,,,,,,,,,,,,,,,,
,,,,,,,,,,,,,,,,,,,,
,,,,,,,,,,,,,,,,,,,,
,,,,,,,,,,,,,,,,,,,,
,,,,,,,,,,,,,,,,,,,,
,,,,,,,,,,,,,,,,,,,,
,,,,,,,,,,,,,,,,,,,,
,,,,,,,,,,,,,,,,,,,,
,,,,,,,,,,,,,,,,,,,,
,,,,,,,,,,,,,,,,,,,,
,,,,,,,,,,,,,,,,,,,,
,,,,,,,,,,,,,,,,,,,,
,,,,,,,,,,,,,,,,,,,,
,,,,,,,,,,,,,,,,,,,,
,,,,,,,,,,,,,,,,,,,,
,,,,,,,,,,,,,,,,,,,,
,,,,,,,,,,,,,,,,,,,,
,,,,,,,,,,,,,,,,,,,,
,,,,,,,,,,,,,,,,,,,,
,,,,,,,,,,,,,,,,,,,,
,,,,,,,,,,,,,,,,,,,,
,,,,,,,,,,,,,,,,,,,,
,,,,,,,,,,,,,,,,,,,,
,,,,,,,,,,,,,,,,,,,,
,,,,,,,,,,,,,,,,,,,,
,,,,,,,,,,,,,,,,,,,,
,,,,,,,,,,,,,,,,,,,,
,,,,,,,,,,,,,,,,,,,,
,,,,,,,,,,,,,,,,,,,,
,,,,,,,,,,,,,,,,,,,,
,,,,,,,,,,,,,,,,,,,,
,,,,,,,,,,,,,,,,,,,,
,,,,,,,,,,,,,,,,,,,,
,,,,,,,,,,,,,,,,,,,,
,,,,,,,,,,,,,,,,,,,,
,,,,,,,,,,,,,,,,,,,,
,,,,,,,,,,,,,,,,,,,,
,,,,,,,,,,,,,,,,,,,,
,,,,,,,,,,,,,,,,,,,,
,,,,,,,,,,,,,,,,,,,,
,,,,,,,,,,,,,,,,,,,,
,,,,,,,,,,,,,,,,,,,,
,,,,,,,,,,,,,,,,,,,,
,,,,,,,,,,,,,,,,,,,,
,,,,,,,,,,,,,,,,,,,,
,,,,,,,,,,,,,,,,,,,,
,,,,,,,,,,,,,,,,,,,,
,,,,,,,,,,,,,,,,,,,,
,,,,,,,,,,,,,,,,,,,,
,,,,,,,,,,,,,,,,,,,,
,,,,,,,,,,,,,,,,,,,,
,,,,,,,,,,,,,,,,,,,,
,,,,,,,,,,,,,,,,,,,,
,,,,,,,,,,,,,,,,,,,,
,,,,,,,,,,,,,,,,,,,,
,,,,,,,,,,,,,,,,,,,,
,,,,,,,,,,,,,,,,,,,,
,,,,,,,,,,,,,,,,,,,,
,,,,,,,,,,,,,,,,,,,,
,,,,,,,,,,,,,,,,,,,,
,,,,,,,,,,,,,,,,,,,,
,,,,,,,,,,,,,,,,,,,,
,,,,,,,,,,,,,,,,,,,,
,,,,,,,,,,,,,,,,,,,,
,,,,,,,,,,,,,,,,,,,,
,,,,,,,,,,,,,,,,,,,,
,,,,,,,,,,,,,,,,,,,,
,,,,,,,,,,,,,,,,,,,,
,,,,,,,,,,,,,,,,,,,,
,,,,,,,,,,,,,,,,,,,,
,,,,,,,,,,,,,,,,,,,,
,,,,,,,,,,,,,,,,,,,,
,,,,,,,,,,,,,,,,,,,,
,,,,,,,,,,,,,,,,,,,,
,,,,,,,,,,,,,,,,,,,,
,,,,,,,,,,,,,,,,,,,,
,,,,,,,,,,,,,,,,,,,,
,,,,,,,,,,,,,,,,,,,,
,,,,,,,,,,,,,,,,,,,,
,,,,,,,,,,,,,,,,,,,,
,,,,,,,,,,,,,,,,,,,,
,,,,,,,,,,,,,,,,,,,,
,,,,,,,,,,,,,,,,,,,,
,,,,,,,,,,,,,,,,,,,,
,,,,,,,,,,,,,,,,,,,,
,,,,,,,,,,,,,,,,,,,,
,,,,,,,,,,,,,,,,,,,,
,,,,,,,,,,,,,,,,,,,,
,,,,,,,,,,,,,,,,,,,,
,,,,,,,,,,,,,,,,,,,,
,,,,,,,,,,,,,,,,,,,,
,,,,,,,,,,,,,,,,,,,,
,,,,,,,,,,,,,,,,,,,,
,,,,,,,,,,,,,,,,,,,,
,,,,,,,,,,,,,,,,,,,,
,,,,,,,,,,,,,,,,,,,,
,,,,,,,,,,,,,,,,,,,,
,,,,,,,,,,,,,,,,,,,,
,,,,,,,,,,,,,,,,,,,,
,,,,,,,,,,,,,,,,,,,,
,,,,,,,,,,,,,,,,,,,,
,,,,,,,,,,,,,,,,,,,,
,,,,,,,,,,,,,,,,,,,,
,,,,,,,,,,,,,,,,,,,,
,,,,,,,,,,,,,,,,,,,,
,,,,,,,,,,,,,,,,,,,,
,,,,,,,,,,,,,,,,,,,,
,,,,,,,,,,,,,,,,,,,,
,,,,,,,,,,,,,,,,,,,,
,,,,,,,,,,,,,,,,,,,,
,,,,,,,,,,,,,,,,,,,,
,,,,,,,,,,,,,,,,,,,,
,,,,,,,,,,,,,,,,,,,,
,,,,,,,,,,,,,,,,,,,,
,,,,,,,,,,,,,,,,,,,,
,,,,,,,,,,,,,,,,,,,,
,,,,,,,,,,,,,,,,,,,,
,,,,,,,,,,,,,,,,,,,,
,,,,,,,,,,,,,,,,,,,,
,,,,,,,,,,,,,,,,,,,,
,,,,,,,,,,,,,,,,,,,,
,,,,,,,,,,,,,,,,,,,,
,,,,,,,,,,,,,,,,,,,,
,,,,,,,,,,,,,,,,,,,,
,,,,,,,,,,,,,,,,,,,,
,,,,,,,,,,,,,,,,,,,,
,,,,,,,,,,,,,,,,,,,,
,,,,,,,,,,,,,,,,,,,,
,,,,,,,,,,,,,,,,,,,,
,,,,,,,,,,,,,,,,,,,,
,,,,,,,,,,,,,,,,,,,,
,,,,,,,,,,,,,,,,,,,,
,,,,,,,,,,,,,,,,,,,,
,,,,,,,,,,,,,,,,,,,,
,,,,,,,,,,,,,,,,,,,,
,,,,,,,,,,,,,,,,,,,,
,,,,,,,,,,,,,,,,,,,,
,,,,,,,,,,,,,,,,,,,,
,,,,,,,,,,,,,,,,,,,,
,,,,,,,,,,,,,,,,,,,,
,,,,,,,,,,,,,,,,,,,,
,,,,,,,,,,,,,,,,,,,,
,,,,,,,,,,,,,,,,,,,,
,,,,,,,,,,,,,,,,,,,,
,,,,,,,,,,,,,,,,,,,,
,,,,,,,,,,,,,,,,,,,,
,,,,,,,,,,,,,,,,,,,,
,,,,,,,,,,,,,,,,,,,,
,,,,,,,,,,,,,,,,,,,,
,,,,,,,,,,,,,,,,,,,,
,,,,,,,,,,,,,,,,,,,,
,,,,,,,,,,,,,,,,,,,,
,,,,,,,,,,,,,,,,,,,,
,,,,,,,,,,,,,,,,,,,,
,,,,,,,,,,,,,,,,,,,,
,,,,,,,,,,,,,,,,,,,,
,,,,,,,,,,,,,,,,,,,,
,,,,,,,,,,,,,,,,,,,,
,,,,,,,,,,,,,,,,,,,,
,,,,,,,,,,,,,,,,,,,,
,,,,,,,,,,,,,,,,,,,,
,,,,,,,,,,,,,,,,,,,,
,,,,,,,,,,,,,,,,,,,,
,,,,,,,,,,,,,,,,,,,,
,,,,,,,,,,,,,,,,,,,,
,,,,,,,,,,,,,,,,,,,,
,,,,,,,,,,,,,,,,,,,,
,,,,,,,,,,,,,,,,,,,,
,,,,,,,,,,,,,,,,,,,,
,,,,,,,,,,,,,,,,,,,,
,,,,,,,,,,,,,,,,,,,,
,,,,,,,,,,,,,,,,,,,,
,,,,,,,,,,,,,,,,,,,,
,,,,,,,,,,,,,,,,,,,,
,,,,,,,,,,,,,,,,,,,,
,,,,,,,,,,,,,,,,,,,,
,,,,,,,,,,,,,,,,,,,,
,,,,,,,,,,,,,,,,,,,,
,,,,,,,,,,,,,,,,,,,,
,,,,,,,,,,,,,,,,,,,,
,,,,,,,,,,,,,,,,,,,,
,,,,,,,,,,,,,,,,,,,,
,,,,,,,,,,,,,,,,,,,,
,,,,,,,,,,,,,,,,,,,,
,,,,,,,,,,,,,,,,,,,,
,,,,,,,,,,,,,,,,,,,,
,,,,,,,,,,,,,,,,,,,,
,,,,,,,,,,,,,,,,,,,,
,,,,,,,,,,,,,,,,,,,,
,,,,,,,,,,,,,,,,,,,,
,,,,,,,,,,,,,,,,,,,,
,,,,,,,,,,,,,,,,,,,,
,,,,,,,,,,,,,,,,,,,,
,,,,,,,,,,,,,,,,,,,,
,,,,,,,,,,,,,,,,,,,,
,,,,,,,,,,,,,,,,,,,,
,,,,,,,,,,,,,,,,,,,,
,,,,,,,,,,,,,,,,,,,,
,,,,,,,,,,,,,,,,,,,,
,,,,,,,,,,,,,,,,,,,,
,,,,,,,,,,,,,,,,,,,,
,,,,,,,,,,,,,,,,,,,,
,,,,,,,,,,,,,,,,,,,,
,,,,,,,,,,,,,,,,,,,,
,,,,,,,,,,,,,,,,,,,,
,,,,,,,,,,,,,,,,,,,,
,,,,,,,,,,,,,,,,,,,,
,,,,,,,,,,,,,,,,,,,,
,,,,,,,,,,,,,,,,,,,,
,,,,,,,,,,,,,,,,,,,,
,,,,,,,,,,,,,,,,,,,,
,,,,,,,,,,,,,,,,,,,,
,,,,,,,,,,,,,,,,,,,,
,,,,,,,,,,,,,,,,,,,,
,,,,,,,,,,,,,,,,,,,,
,,,,,,,,,,,,,,,,,,,,
,,,,,,,,,,,,,,,,,,,,
,,,,,,,,,,,,,,,,,,,,
,,,,,,,,,,,,,,,,,,,,
,,,,,,,,,,,,,,,,,,,,
,,,,,,,,,,,,,,,,,,,,
,,,,,,,,,,,,,,,,,,,,
,,,,,,,,,,,,,,,,,,,,
,,,,,,,,,,,,,,,,,,,,
,,,,,,,,,,,,,,,,,,,,
,,,,,,,,,,,,,,,,,,,,
,,,,,,,,,,,,,,,,,,,,
,,,,,,,,,,,,,,,,,,,,
,,,,,,,,,,,,,,,,,,,,
,,,,,,,,,,,,,,,,,,,,
,,,,,,,,,,,,,,,,,,,,
,,,,,,,,,,,,,,,,,,,,
,,,,,,,,,,,,,,,,,,,,
,,,,,,,,,,,,,,,,,,,,
,,,,,,,,,,,,,,,,,,,,
,,,,,,,,,,,,,,,,,,,,
,,,,,,,,,,,,,,,,,,,,
,,,,,,,,,,,,,,,,,,,,
,,,,,,,,,,,,,,,,,,,,
,,,,,,,,,,,,,,,,,,,,
,,,,,,,,,,,,,,,,,,,,
,,,,,,,,,,,,,,,,,,,,
,,,,,,,,,,,,,,,,,,,,
,,,,,,,,,,,,,,,,,,,,
,,,,,,,,,,,,,,,,,,,,
,,,,,,,,,,,,,,,,,,,,
,,,,,,,,,,,,,,,,,,,,
,,,,,,,,,,,,,,,,,,,,
,,,,,,,,,,,,,,,,,,,,
,,,,,,,,,,,,,,,,,,,,
,,,,,,,,,,,,,,,,,,,,
,,,,,,,,,,,,,,,,,,,,
,,,,,,,,,,,,,,,,,,,,
,,,,,,,,,,,,,,,,,,,,
,,,,,,,,,,,,,,,,,,,,
,,,,,,,,,,,,,,,,,,,,
,,,,,,,,,,,,,,,,,,,,
,,,,,,,,,,,,,,,,,,,,
,,,,,,,,,,,,,,,,,,,,
,,,,,,,,,,,,,,,,,,,,
,,,,,,,,,,,,,,,,,,,,
,,,,,,,,,,,,,,,,,,,,
,,,,,,,,,,,,,,,,,,,,
,,,,,,,,,,,,,,,,,,,,
,,,,,,,,,,,,,,,,,,,,
,,,,,,,,,,,,,,,,,,,,
,,,,,,,,,,,,,,,,,,,,
,,,,,,,,,,,,,,,,,,,,
,,,,,,,,,,,,,,,,,,,,
,,,,,,,,,,,,,,,,,,,,
,,,,,,,,,,,,,,,,,,,,
,,,,,,,,,,,,,,,,,,,,
,,,,,,,,,,,,,,,,,,,,
,,,,,,,,,,,,,,,,,,,,
,,,,,,,,,,,,,,,,,,,,
,,,,,,,,,,,,,,,,,,,,
,,,,,,,,,,,,,,,,,,,,
,,,,,,,,,,,,,,,,,,,,
,,,,,,,,,,,,,,,,,,,,
,,,,,,,,,,,,,,,,,,,,
,,,,,,,,,,,,,,,,,,,,
,,,,,,,,,,,,,,,,,,,,
,,,,,,,,,,,,,,,,,,,,
,,,,,,,,,,,,,,,,,,,,
,,,,,,,,,,,,,,,,,,,,
,,,,,,,,,,,,,,,,,,,,
,,,,,,,,,,,,,,,,,,,,
,,,,,,,,,,,,,,,,,,,,
,,,,,,,,,,,,,,,,,,,,
,,,,,,,,,,,,,,,,,,,,
,,,,,,,,,,,,,,,,,,,,
,,,,,,,,,,,,,,,,,,,,
,,,,,,,,,,,,,,,,,,,,
,,,,,,,,,,,,,,,,,,,,
,,,,,,,,,,,,,,,,,,,,
,,,,,,,,,,,,,,,,,,,,
,,,,,,,,,,,,,,,,,,,,
,,,,,,,,,,,,,,,,,,,,
,,,,,,,,,,,,,,,,,,,,
,,,,,,,,,,,,,,,,,,,,
,,,,,,,,,,,,,,,,,,,,
,,,,,,,,,,,,,,,,,,,,
,,,,,,,,,,,,,,,,,,,,
,,,,,,,,,,,,,,,,,,,,
,,,,,,,,,,,,,,,,,,,,
,,,,,,,,,,,,,,,,,,,,
,,,,,,,,,,,,,,,,,,,,
,,,,,,,,,,,,,,,,,,,,
,,,,,,,,,,,,,,,,,,,,
,,,,,,,,,,,,,,,,,,,,
,,,,,,,,,,,,,,,,,,,,
,,,,,,,,,,,,,,,,,,,,
,,,,,,,,,,,,,,,,,,,,
,,,,,,,,,,,,,,,,,,,,
,,,,,,,,,,,,,,,,,,,,
,,,,,,,,,,,,,,,,,,,,
,,,,,,,,,,,,,,,,,,,,
,,,,,,,,,,,,,,,,,,,,
,,,,,,,,,,,,,,,,,,,,
,,,,,,,,,,,,,,,,,,,,
,,,,,,,,,,,,,,,,,,,,
,,,,,,,,,,,,,,,,,,,,
,,,,,,,,,,,,,,,,,,,,
,,,,,,,,,,,,,,,,,,,,
,,,,,,,,,,,,,,,,,,,,
,,,,,,,,,,,,,,,,,,,,
,,,,,,,,,,,,,,,,,,,,
,,,,,,,,,,,,,,,,,,,,
,,,,,,,,,,,,,,,,,,,,
,,,,,,,,,,,,,,,,,,,,
,,,,,,,,,,,,,,,,,,,,
,,,,,,,,,,,,,,,,,,,,
,,,,,,,,,,,,,,,,,,,,
,,,,,,,,,,,,,,,,,,,,
,,,,,,,,,,,,,,,,,,,,
,,,,,,,,,,,,,,,,,,,,
,,,,,,,,,,,,,,,,,,,,
,,,,,,,,,,,,,,,,,,,,
,,,,,,,,,,,,,,,,,,,,
,,,,,,,,,,,,,,,,,,,,
,,,,,,,,,,,,,,,,,,,,
,,,,,,,,,,,,,,,,,,,,
,,,,,,,,,,,,,,,,,,,,
,,,,,,,,,,,,,,,,,,,,
,,,,,,,,,,,,,,,,,,,,
,,,,,,,,,,,,,,,,,,,,
,,,,,,,,,,,,,,,,,,,,
,,,,,,,,,,,,,,,,,,,,
,,,,,,,,,,,,,,,,,,,,
,,,,,,,,,,,,,,,,,,,,
,,,,,,,,,,,,,,,,,,,,
,,,,,,,,,,,,,,,,,,,,
,,,,,,,,,,,,,,,,,,,,
,,,,,,,,,,,,,,,,,,,,
,,,,,,,,,,,,,,,,,,,,
,,,,,,,,,,,,,,,,,,,,
,,,,,,,,,,,,,sex,,,,,,,
,,,,,,,,,,,,,,,,,,,,
,,,,,,,,,,,,,,,,,,,,
,,,,,,,,,,,,,,,,,,,,
,,,,,,,,,,,,,,,,,,,,
,,,,,,,,,,,,,,,,,,,,
,,,,,,,,,,,,,,,,,,,,
,,,,,,,,,,,,,,,,,,,,
,,,,,,,,,,,,,,,,,,,,
,,,,,,,,,,,,,,,,,,,,
,,,,,,,,,,,,,,,,,,,,
,,,,,,,,,,,,,,,,,,,,
,,,,,,,,,,,,,,,,,,,,
,,,,,,,,,,,,,,,,,,,,
,,,,,,,,,,,,,,,,,,,,
,,,,,,,,,,,,,,,,,,,,
,,,,,,,,,,,,,,,,,,,,
,,,,,,,,,,,,,,,,,,,,
,,,,,,,,,,,,,,,,,,,,
,,,,,,,,,,,,,,,,,,,,
,,,,,,,,,,,,,,,,,,,,
,,,,,,,,,,,,,,,,,,,,
,,,,,,,,,,,,,,,,,,,,
,,,,,,,,,,,,,,,,,,,,
,,,,,,,,,,,,,,,,,,,,
,,,,,,,,,,,,,,,,,,,,
,,,,,,,,,,,,,,,,,,,,
,,,,,,,,,,,,,,,,,,,,
,,,,,,,,,,,,,,,,,,,,
,,,,,,,,,,,,,,,,,,,,
,,,,,,,,,,,,,,,,,,,,
,,,,,,,,,,,,,,,,,,,,
,,,,,,,,,,,,,,,,,,,,
,,,,,,,,,,,,,,,,,,,,
,,,,,,,,,,,,,,,,,,,,
,,,,,,,,,,,,,,,,,,,,
,,,,,,,,,,,,,,,,,,,,
,,,,,,,,,,,,,,,,,,,,
,,,,,,,,,,,,,,,,,,,,
,,,,,,,,,,,,,,,,,,,,
,,,,,,,,,,,,,,,,,,,,
,,,,,,,,,,,,,,,,,,,,
,,,,,,,,,,,,,,,,,,,,
,,,,,,,,,,,,,,,,,,,,
,,,,,,,,,,,,,,,,,,,,
,,,,,,,,,,,,,,,,,,,,
,,,,,,,,,,,,,,,,,,,,
,,,,,,,,,,,,,,,,,,,,
,,,,,,,,,,,,,,,,,,,,
,,,,,,,,,,,,,,,,,,,,
,,,,,,,,,,,,,,,,,,,,
,,,,,,,,,,,,,,,,,,,,
,,,,,,,,,,,,,,,,,,,,
,,,,,,,,,,,,,,,,,,,,
,,,,,,,,,,,,,,,,,,,,
,,,,,,,,,,,,,,,,,,,,
,,,,,,,,,,,,,,,,,,,,
,,,,,,,,,,,,,,,,,,,,
,,,,,,,,,,,,,,,,,,,,
,,,,,,,,,,,,,,,,,,,,
,,,,,,,,,,,,,,,,,,,,
,,,,,,,,,,,,,,,,,,,,
,,,,,,,,,,,,,,,,,,,,
,,,,,,,,,,,,,,,,,,,,
,,,,,,,,,,,,,,,,,,,,
,,,,,,,,,,,,,,,,,,,,
,,,,,,,,,,,,,,,,,,,,
,,,,,,,,,,,,,,,,,,,,
,,,,,,,,,,,,,,,,,,,,
,,,,,,,,,,,,,,,,,,,,
,,,,,,,,,,,,,,,,,,,,
,,,,,,,,,,,,,,,,,,,,
,,,,,,,,,,,,,,,,,,,,
,,,,,,,,,,,,,,,,,,,,
,,,,,,,,,,,,,,,,,,,,
,,,,,,,,,,,,,,,,,sexy man,,,
,,,,,,,,,,,,,,,,,,,,
,,,,,,,,,,,,,,,,,,,,
,,,,,,,,,,,,,,,,,,,,
,,,,,,,,,,,,,,,,,,,,
,,,,,,,,,,,,,,,,,,,,
,,,,,,,,,,,,,,,,,,,,
,,,,,,,,,,,,,,,,,,,,
,,,,,,,,,,,,,,,,,,,,
,,,,,,,,,,,,,,,,,,,,
,,,,,,,,,,,,,,,,,,,,
,,,,,,,,,,,,,,,,,,,,
,,,,,,,,,,,,,,,,,,,,
,,,,,,,,,,,,,,,,,,,,
,,,,,,,,,,,,,,,,,,,,
,,,,,,,,,,,,,,,,,,,,
,,,,,,,,,,,,,,,,,,,,
,,,,,,,,,,,,,,,,,,,,
,,,,,,,,,,,,,,,,,,,,
,,,,,,,,,,,,,,,,,,,,
,,,,,,,,,,,,,,,,,,,,
,,,,,,,,,,,,,,,,,,,,
,,,,,,,,,,,,,,,,,,,,
,,,,,,,,,,,,,,,,,,,,
,,,,,,,,,,,,,,,,,,,,
,,,,,,,,,,,,,,,,,,,,
,,,,,,,,,,,,,,,,,,,,
,,,,,,,,,,,,,,,,,,,,
,,,,,,,,,,,,,,,,,,,,
,,,,,,,,,,,,,,,,,,,,
,,,,,,,,,,,,,,,,,,,,
,,,,,,,,,,,,,,,,,,,,
,,,,,,,,,,,,,,,,,,,,
,,,,,,,,,,,,,,,,,,,,
,,,,,,,,,,,,,,,,,,,,
,,,,,,,,,,,,,,,,,,,,
,,,,,,,,,,,,,,,,,,,,
,,,,,,,,,,,,,,,,,,,,
,,,,,,,,,,,,,,,,,,,,
,,,,,,,,,,,,,,,,,,,,
,,,,,,,,,,,,,,,,,,,,
,,,,,,,,,,,,,,,,,,,,
,,,,,,,,,,,,,,,,,,,,
,,,,,,,,,,,,,,,,,,,,
,,,,,,,,,,,,,,,,,,,,
,,,,,,,,,,,,,,,,,,,,
,,,,,,,,,,,,,,,,,,,,
,,,,,,,,,,,,,,,,,,,,
,,,,,,,,,,,,,,,,,,,,
,,,,,,,,,,,,,,,,,,,,
,,,,,,,,,,,,,,,,,,,,
,,,,,,,,,,,,,,,,,,,,
,,,,,,,,,,,,,,,,,,,,
,,,,,,,,,,,,,,,,,,,,
,,,,,,,,,,,,,,,,,,,,
,,,,,,,,,,,,,,,,,,,,
,,,,,,,,,,,,,,,,,,,,
,,,,,,,,,,,,,,,,,,,,
,,,,,,,,,,,,,,,,,,,,
,,,,,,,,,,,,,,,,,,,,
,,,,,,,,,,,,,,,,,,,,
,,,,,,,,,,,,,,,,,,,,
,,,,,,,,,,,,,,,,,,,,
,,,,,,,,,,,,,,,,,,,,
,,,,,,,,,,,,,,,,,,,,
,,,,,,,,,,,,,,,,,,,,
,,,,,,,,,,,,,sex,,,sex,,,,
,,,,,,,,,,,,,,,,,,,,
,,,,,,,,,,,,,,,,,,,,
,,,,,,,,,,,,,,,,,,,,
,,,,,,,,,,,,,,,,,,sex,,
,,,,,,,,,,,,,,,,,,,,
,,,,,,,,,,,,,,,,,,,,
,,,,,,,,,,,,,,,,,,,,
,,,,,,,,,,,,,,,,,,,,
,,,,,,,,,,,,,,,,,,,,
,,,,,,,,,,,,,,,,,,,,
,,,,,,,,,,,,,,,,,,,,
,,,,,,,,,,,,,,,,,,,,
,,,,,,,,,,,,,,,,,,,,
,,,,,,,,,,,,,,,,,,,,
,,,,,,,,,,,,,,,,,,,,
,,,,,,,,,,,,,,,,,,,,
,,,,,,,,,,,,,,,,,,,,
,,,,,,,,,,,,,,,,,,,,
,,,,,,,,,,,,,,,,,,,,
,,,,,,,,,,,,,,,,0                        ,0,,,
,,,,,,,,,,,,,,,,,,,,
,,,,,,,,,,,,,,,,____________________,_______________/,,,
,,,,,,,,,,,,,,,,,,,,
,,,,,,,,,,,,,,,,,,,,
,,,,,,,,,,,,,,,,,,,,
,,,,,,,,,,,,,,,,,,,,
,,,,,,,,,,,,,,,,,,,,
,,,,,,,,,,,,,,,,,,,,
,,,,,,,,,,,,,,,,,,,,
,,,,,,,,,,,,,,,,,,,,
,,,,,,,,,,,,,,,,,,,,
,,,,,,,,,,,,,,,,,,,,
,,,,,,,,,,,,,,,,,,,,
,,,,,,,,,,,,,,,,,,,,
,,,,,,,,,,,,,,,,,,,,
,,,,,,,,,,,,,,,,,,,,
,,,,,,,,,,,,,,,,,,,,
,,,,,,,,,,,,,,,,,,,,sex
,,,,,,,,,,,,,sex,,sex,,,,,
,,,,,,,,,,,,,,,,,sex,,,
,,,,,,,,,,,,,,,,,,,,
,,,,,,,,,,,,sex,,,,,,,,
,,,,,,,,,,,,,,,,,,,,
,,,,,,,,,,,,,,,,,,,,
,,,,,,,,,,,,,,,,,,,,
,,,,,,,,,,,,,,,,,,,,
,,,,,,,,,,,,,,,,,,,,
,,,,,,,,,,,,,,,,,,,,
,,,,,,,,,,,,,,,,,,,,
,,,,,,,,,,,,,,,,,,,,
,,,,,,,,,,,,,,,,,,,,
,,,,,,,,,,,,,,,,,,,,
,,,,,,,,,,,,,,,,,,,,
,,,,,,,,,,,,,,,,,,,,
,,,,,,,,,,,,,,,,,,,,
,,,,,,,,,,,,,,,,,,,,
,,,,,,,,,,,,,,,,,,,,
,,,,,,,,,,,,,,,,,,,,
,,,,,,,,,,,,,,,,,,,,
,,,,,,,,,,,,,,,,,,,,
,,,,,,,,,,,,,,,,,,,,
,,,,,,,,,,,,,,,,,,,,
,,,,,,,,,,,,,,,,,,,,
,,,,,,,,,,,,,,,,,,,,
,,,,,,,,,,,,,,,,,,,,
,,,,,,,,,,,,,,,,,,,,
,,,,,,,,,,,,,,,,,,,,
,,,,,,,,,,,,,,,,,,,,
,,,,,,,,,,,,,,,,,,,,
,,,,,,,,,,,,,,,,,,,,
,,,,,,,,,,,,,,,,,,,,
,,,,,,,,,,,,,,,,,,,,
,,,,,,,,,,,,,,,,,,,,
,,,,,,,,,,,,,,,,,,,,
,,,,,,,,,,,,,,,,,,,,
,,,,,,,,,,,,,,,,,,,,
,,,,,,,,,,,,,,,,,,,,
,,,,,,,,,,,,,,,,,,,,
,,,,,,,,,,,,,,xeess,,,,,,
,,,,,,,,,,,,,,,,,,,,
,,,,,,,,,,,,,,,,,,,,
,,,,,,,,,,,,,,,,,,,,
,,,,,,,,,,,,,,,,sex,,sex,,
,,,,,,,,,,,,,,,,,,,,
,,,,,,,,,,,sex,,,,,,,,,
,,,,,,,,,,,,,,,,,,,,
,,,,,,,,,,,,,,,,,,,,
,,,,,,,,,,,,,,,,,,,,
,,,,,,,,,,,,,,,,,,,,
,,,,,,,,,,,,,,,,,,,,
,,,,,,,,,,,,,,,,,,,,
,,,,,,,,,,,,,,,,,,,,
,,,,,,,,,,,,,,,,,,,,
,,,,,,,,,,,,,,,,,,,,
,,,,,,,,,,,,,,,,,,,,
,,,,,,,,,,,,,,,,,,,,
,,,,,,,,,,,,,,,,,,,,
,,,,,,,,,,,,,,,,,,,,
,,,,,,,,,,,,,,,,,,,,
,,,,,,,,,,,,,,,,,,,,
,,,,,,,,,,,,,,,,,,,,
,,,,,,,,,,,,,,sex,,,,ec,,
,,,,,,,,,,,,sex,,,,,,,,
,,,,,,,,,,,,,,,,,,,,
,,,,,,,,,,,,,,,,,,,,
,,,,,,,,,,,,,,,,,,,,
,,,,,,,,,,,,,,,,,,,,
,,,,,,,,,,,,,,,,,,,,
,,,,,,,,,,,,,,,,,,,,
,,,,,,,,,,,,,,,,,,,,
,,,,,,,,,,,,,,,,,,,,
,,,,,,,,,,,,,,,,,,,,
,,,,,,,,,,,,sex,,,,,,,,
,,,,,,,,,,,,,,,sex,,,cestsex,,
,,,,,,,,,,,,,,,,,,,,
,,,,,,,,,,,,,,,,,,,,
,,,,,,,,,,,,,,,,,,,,
,,,,,,,,,,,,,,,,,,,,
,,,,,,,,,,,,,,,,,,,,
,,,,,,,,,,,,,,,,,,,,
,,,,,,,,,,,,,,,,,,,,
,,,,,,,,,,,,,,,,,,,,
,,,,,,,,,,,,,,,,,,,,
,,,,,,,,,,,,,,,,,,,,
,,,,,,,,,,,,,,,,,,,,
,,,,,,,,,,,,,,,,,,,,
,,,,,,,,,,,,,,,,,,,,
,,,,,,,,,,,,,,,,,,,,
,,,,,,,,,,,,,,,,,,,,
,,,,,,,,,,,,,,,,,,,,
,,,,,,,,,,,,,,,,,,,,
,,,,,,,,,,,,,,,,,,,,
,,,,,,,,,,,,,,,,,,,,
,,,,,,,,,,,,,,,,,,,,
,,,,,,,,,,,,,,,,,,,,
,,,,,,,,,,,,,,,,,,,,
,,,,,,,,,,,,,,,,,,,,
,,,,,,,,,,,,,,,,,,,,
,,,,,,,,,,,,,,,,,,,,
,,,,,,,,,,,,,,,,,,,,
,,,,,,,,,,,,,,,,,,,,
,,,,,,,,,,,,,,,,,,,,
,,,,,,,,,,,,,,,,,,,,
,,,,,,,,,,,,,,,,,,,,
,,,,,,,,,,,,,,,,,,,sex,
,,,,,,,,,,,,,eex,,,,,,,
,,,,,,,,,,,,,,,,exde,,,,
,,,,,,,,,,,ex,,,sex,,,,,,
,,,,,,,,,,,,,,,,,,,,
,,,,,,,,,,,,,,,,,,,,ex
,,,,,,,,,,,,,,,,,,,,
,,,,,,,,,,,,,,,,,,,,
,,,,,,,,,,,,,,,,,,,,
,,,,,,,,,,,,,,,,,,,,
,,,,,,,,,,,,,,,,,,,,
,,,,,,,,,,,,,,,,,,,,
,,,,,,,,,,,,,,,,,,,,
,,,,,,,,sex,,,,,,,,,,,,
,,,,,,,,,,,,,,,,,,,,
,,,,,,,,,,,,,,,,,,,,
,,,,,,,,,,,,,,,,,sex,,,
,,,,,,,,,,,,,,,,,,,,
,,,,,,,,,,,,,,,,,,,,
,,,,,,,,,,,,,,,,,,,,
,,,,,,,,,,,,,sex,,,,,,,
,,,,,,,,,,,,,,,,,,,,
,,,,,,,,,,,,,,,,,,,,
,,,,,,,,,,,,,,,,,,,,
,,,,,,,,,,,,,,,,,,,,
,,,,,,,,,,,,,,,,,,,,
,,,,,,,,,,,,,,,,,,,,
,,,,,,,,,,,,,,,,,,,,
,,,,,,,,,,,,,,,,,,,,
,,,,,,,,,,,,,,,,,,,,
,,,,,,,,,,,,,,,,,,,,
,,,,,,,,,,,,,,,,,,,,
,,,,,,,,,,,,,,,,,,,,
,,,,,,,,,,,,,,,,,,,,
,,,,,,,,,,,,,,,,,,,,
,,,,,,,,,,,,,,,,,,,,
,,,,,,,,,,,,,,,,,,,,
,,,,,,,,,,,,,,,,,,,,
,,,,,,,,,,,,,,,,,,,,
,,,,,,,,,,,,,,,,,,,,
,,,,,,,,,,,,,,,,,,,,
,,,,,,,,,,,,,,,,,,,,
,,,,,,,,,,,,,,,,,,,,
,,,,,,,,,,,,,,,,,,,,
,,,,,,,,,,,,,,,,,,,,
,,,,,,,,,,,,,,,,,,,,
,,,,,,,,,,,,,,,,,,,,
,,,,,,,,,,,,,,,,,,,,
,,,,,,,,,,,,,,,,,,,,
,,,,,,,,,,,,,,,,,,,,
,,,,,,,,,,,,,,,,,,,,
,,,,,,,,,,,,,,,,,,,,
,,,,,,,,,,,,,,,,,,,,
,,,,,,,,,,,,,,,,,,,,
,,,,,,,,,,,,,,,,,,,,
,,,,,,,,,,,,,,,,,,,,
,,,,,,,,,,,,,,,,,,,,
,,,,,,,,,,,,,,,,,,,,
,,,,,,,,,,,,,,,,,,,,
,,,,,,,,,,,,,,,,,,,,
,,,,,,,,,,,,,,,,,,,,
,,,,,,,,,,,,,,,,,,,,
,,,,,,,,,,,,,,,,,,,,
,,,,,,,,,,,,,,,,,,,,
,,,,,,,,,,,,,,,,,,,,
,,,,,,,,,,,,,,,,,,,,
,,,,,,,,,,,,,,,,,,,,
,,,,,,,,,,,,,,,,,,,,
,,,,,,,,,,,,,,,,,,,,
,,,,,,,,,,,,,,,,,,,,
,,,,,,,,,,,,,,,,,,,,
,,,,,,,,,,,,,,,,,,,,
,,,,,,,,,,,,,,,,,,,,
,,,,,,,,,,,,,,,,,,,,
,,,,,,,,,,,,,,,,,,,,
,,,,,,,,,,,,,,,,,,,,
,,,,,,,,,,,,,,,,,,,,
,,,,,,,,,,,,,,,,,,,,
,,,,,,,,,,,,,,,,,,,,
,,,,,,,,,,,,,,,,,,,,
,,,,,,,,,,,,,,,,,,,,
,,,,,,,,,,,,,,,,,,,,
,,,,,,,,,,,,,,,,,,,,
,,,,,,,,,,,,,,,,,,,,
,,,,,,,,,,,,,,,,,,,,
,,,,,,,,,,,,,,,,,,,,
,,,,,,,,,,,,,,,,,,,,
,,,,,,,,,,,,,,,,,,,,
,,,,,,,,,,,,,,,,,,,,
,,,,,,,,,,,,,,,,,,,,
,,,,,,,,,,,,,,,,,,,,
,,,,,,,,,,,,,,,,,,,,
,,,,,,,,,,,,,,,,,,,,
,,,,,,,,,,,,,,,,,,,,
,,,,,,,,,,,,,,,,,,,,
,,,,,,,,,,,,,,,,,,,,
,,,,,,,,,,,,,,,,,,,,
,,,,,,,,,,,,,,,,,,,,
,,,,,,,,,,,,,,,,,,,,
,,,,,,,,,,,,,,,,,,,,
,,,,,,,,,,,,,,,,,,,,
,,,,,,,,,,,,,,,,,,,,
,,,,,,,,,,,,,,,,,,,,
,,,,,,,,,,,,,,,,,,,,
,,,,,,,,,,,,,,,,,,,,
,,,,,,,,,,,,,,,,,,,,
,,,,,,,,,,,,,,,,,,,,
,,,,,,,,,,,,,,,,,,,,
,,,,,,,,,,,,,,,,,,,,
,,,,,,,,,,,,,,,,,,,,
,,,,,,,,,,,,,,,,,,,,
,,,,,,,,,,,,,,,,,,,,
,,,,,,,,,,,,,,,,,,,,
,,,,,,,,,,,,,,,,,,,,
,,,,,,,,,,,,,,,,,,,,
,,,,,,,,,,,,,,,,,,,,
,,,,,,,,,,,,,,,,,,,,
,,,,,,,,,,,,,,,,,,,,
,,,,,,,,,,,,,,,,,,,,
,,,,,,,,,,,,,,,,,,,,
,,,,,,,,,,,,,,,,,,,,
,,,,,,,,,,,,,,,,,,,,
,,,,,,,,,,,,,,,,,,,,
,,,,,,,,,,,,,,,,,,,,
,,,,,,,,,,,,,,,,,,,,
,,,,,,,,,,,,,,,,,,,,
,,,,,,,,,,,,,,,,,,,,
,,,,,,,,,,,,,,,,,,,,
,,,,,,,,,,,,,,,,,,,,
,,,,,,,,,,,,,,,,,,,,
,,,,,,,,,,,,,,,,,,,,
,,,,,,,,,,,,,,,,,,,,
,,,,,,,,,,,,,,,,,,,,
,,,,,,,,,,,,,,,,,,,,
,,,,,,,,,,,,,,,,,,,,
,,,,,,,,,,,,,,,,,,,,
,,,,,,,,,,,,,,,,,,,,
,,,,,,,,,,,,,,,,,,,,
,,,,,,,,,,,,,,,,,,,,
,,,,,,,,,,,,,,,,,,,,
,,,,,,,,,,,,,,,,,,,,
,,,,,,,,,,,,,,,,,,,,
,,,,,,,,,,,,,,,,,,,,
,,,,,,,,,,,,,,,,,,,,
,,,,,,,,,,,,,,,,,,,,
,,,,,,,,,,,,,,,,,,,,
,,,,,,,,,,,,,,,,,,,,
,,,,,,,,,,,,,,,,,,,,
,,,,,,,,,,,,,,,,,,,,
,,,,,,,,,,,,,,,,,,,,
,,,,,,,,,,,,,,,,,,,,
,,,,,,,,,,,,,,,,,,,,
,,,,,,,,,,,,,,,,,,,,
,,,,,,,,,,,,,,,,,,,,
,,,,,,,,,,,,,,,,,,,,
,,,,,,,,,,,,,,,,,,,,
,,,,,,,,,,,,,,,,,,,,
,,,,,,,,,,,,,,,,,,,,
,,,,,,,,,,,,,,,,,,,,
,,,,,,,,,,,,,,,,,,,,
,,,,,,,,,,,,,,,,,,,,
,,,,,,,,,,,,,,,,,,,,
,,,,,,,,,,,,,,,,,,,,
,,,,,,,,,,,,,,,,,,,,
,,,,,,,,,,,,,,,,,,,,
,,,,,,,,,,,,,,,,,,,,
,,,,,,,,,,,,,,,,,,,,
,,,,,,,,,,,,,,,,,,,,
,,,,,,,,,,,,,,,,,,,,
,,,,,,,,,,,,,,,,,,,,
,,,,,,,,,,,,,,,,,,,,
,,,,,,,,,,,,,,,,,,,,
,,,,,,,,,,,,,,,,,,,,
,,,,,,,,,,,,,,,,,,,,
,,,,,,,,,,,,,,,,,,,,
,,,,,,,,,,,,,,,,,,,,
,,,,,,,,,,,,,,,,,,,,
,,,,,,,,,,,,,,,,,,,,
,,,,,,,,,,,,,,,,,,,,
,,,,,,,,,,,,,,,,,,,,
,,,,,,,,,,,,,,,,,,,,
,,,,,,,,,,,,,,,,,,,,
,,,,,,,,,,,,,,,,,,,,
,,,,,,,,,,,,,,,,,,,,
,,,,,,,,,,,,,,,,,,,,
,,,,,,,,,,,,,,,,,,,,
,,,,,,,,,,,,,,,,,,,,
,,,,,,,,,,,,,,,,,,,,
,,,,,,,,,,,,,,,,,,,,
,,,,,,,,,,,,,,,,,,,,
,,,,,,,,,,,,,,,,,,,,
,,,,,,,,,,,,,,,,,,,,
,,,,,,,,,,,,,,,,,,,,
,,,,,,,,,,,,,,,,,,,,
,,,,,,,,,,,,,,,,,,,,
,,,,,,,,,,,,,,,,,,,,
,,,,,,,,,,,,,,,,,,,,
,,,,,,,,,,,,,,,,,,,,
,,,,,,,,,,,,,,,,,,,,
,,,,,,,,,,,,,,,,,,,,
,,,,,,,,,,,,,,,,,,,,
,,,,,,,,,,,,,,,,,,,,
,,,,,,,,,,,,,,,,,,,,
,,,,,,,,,,,,,,,,,,,,
,,,,,,,,,,,,,,,,,,,,
,,,,,,,,,,,,,,,,,,,,
,,,,,,,,,,,,,,,,,,,,
,,,,,,,,,,,,,,,,,,,,
,,,,,,,,,,,,,,,,,,,,
,,,,,,,,,,,,,,,,,,,,
,,,,,,,,,,,,,,,,,,,,
,,,,,,,,,,,,,,,,,,,,
,,,,,,,,,,,,,,,,,,,,
,,,,,,,,,,,,,,,,,,,,
,,,,,,,,,,,,,,,,,,,,
,,,,,,,,,,,,,,,,,,,,
,,,,,,,,,,,,,,,,,,,,
,,,,,,,,,,,,,,,,,,,,
,,,,,,,,,,,,,,,,,,,,
,,,,,,,,,,,,,,,,,,,,
,,,,,,,,,,,,,,,,,,,,
,,,,,,,,,,,,,,,,,,,,
,,,,,,,,,,,,,,,,,,,,
,,,,,,,,,,,,,,,,,,,,
,,,,,,,,,,,,,,,,,,,,
,,,,,,,,,,,,,,,,,,,,
,,,,,,,,,,,,,,,,,,,,
,,,,,,,,,,,,,,,,,,,,
,,,,,,,,,,,,,,,,,,,,
,,,,,,,,,,,,,,,,,,,,
,,,,,,,,,,,,,,,,,,,,
,,,,,,,,,,,,,,,,,,,,
,,,,,,,,,,,,,,,,,,,,
,,,,,,,,,,,,,,,,,,,,
,,,,,,,,,,,,,,,,,,,,
,,,,,,,,,,,,,,,,,,,,
,,,,,,,,,,,,,,,,,,,,
,,,,,,,,,,,,,,,,,,,,
,,,,,,,,,,,,,,,,,,,,
,,,,,,,,,,,,,,,,,,,,
,,,,,,,,,,,,,,,,,,,,
,,,,,,,,,,,,,,,,,,,,
,,,,,,,,,,,,,,,,,,,,
,,,,,,,,,,,,,,,,,,,,
,,,,,,,,,,,,,,,,,,,,
,,,,,,,,,,,,,,,,,,,,
,,,,,,,,,,,,,,,,,,,,
,,,,,,,,,,,,,,,,,,,,
,,,,,,,,,,,,,,,,,,,,
,,,,,,,,,,,,,,,,,,,,
,,,,,,,,,,,,,,,,,,,,
,,,,,,,,,,,,,,,,,,,,
,,,,,,,,,,,,,,,,,,,,
,,,,,,,,,,,,,,,,,,,,
,,,,,,,,,,,,,,,,,,,,
,,,,,,,,,,,,,,,,,,,,
,,,,,,,,,,,,,,,,,,,,
,,,,,,,,,,,,,,,,,,,,
,,,,,,,,,,,,,,,,,,,,
,,,,,,,,,,,,,,,,,,,,
,,,,,,,,,,,,,,,,,,,,
,,,,,,,,,,,,,,,,,,,,
,,,,,,,,,,,,,,,,,,,,
,,,,,,,,,,,,,,,,,,,,
,,,,,,,,,,,,,,,,,,,,
,,,,,,,,,,,,,,,,,,,,
,,,,,,,,,,,,,,,,,,,,
,,,,,,,,,,,,,,,,,,,,
,,,,,,,,,,,,,,,,,,,,
,,,,,,,,,,,,,,,,,,,,
,,,,,,,,,,,,,,,,,,,,
,,,,,,,,,,,,,,,,,,,,
,,,,,,,,,,,,,,,,,,,,
,,,,,,,,,,,,,,,,,,,,
,,,,,,,,,,,,,,,,,,,,
,,,,,,,,,,,,,,,,,,,,
,,,,,,,,,,,,,,,,,,,,
,,,,,,,,,,,,,,,,,,,,
,,,,,,,,,,,,,,,,,,,,
,,,,,,,,,,,,,,,,,,,,
,,,,,,,,,,,,,,,,,,,,
,,,,,,,,,,,,,,,,,,,,
,,,,,,,,,,,,,,,,,,,,
,,,,,,,,,,,,,,,,,,,,
,,,,,,,,,,,,,,,,,,,,
,,,,,,,,,,,,,,,,,,,,
,,,,,,,,,,,,,,,,,,,,
,,,,,,,,,,,,,,,,,,,,
,,,,,,,,,,,,,,,,,,,,
,,,,,,,,,,,,,,,,,,,,
,,,,,,,,,,,,,,,,,,,,
,,,,,,,,,,,,,,,,,,,,
,,,,,,,,,,,,,,,,,,,,
,,,,,,,,,,,,,,,,,,,,
,,,,,,,,,,,,,,,,,,,,
,,,,,,,,,,,,,,,,,,,,
,,,,,,,,,,,,,,,,,,,,
,,,,,,,,,,,,,,,,,,,,
,,,,,,,,,,,,,,,,,,,,
,,,,,,,,,,,,,,,,,,,,
,,,,,,,,,,,,,,,,,,,,
,,,,,,,,,,,,,,,,,,,,
,,,,,,,,,,,,,,,,,,,,
,,,,,,,,,,,,,,,,,,,,
,,,,,,,,,,,,,,,,,,,,
,,,,,,,,,,,,,,,,,,,,
,,,,,,,,,,,,,,,,,,,,
,,,,,,,,,,,,,,,,,,,,
,,,,,,,,,,,,,,,,,,,,
,,,,,,,,,,,,,,,,,,,,
,,,,,,,,,,,,,,,,,,,,
,,,,,,,,,,,,,,,,,,,,
,,,,,,,,,,,,,,,,,,,,
,,,,,,,,,,,,,,,,,,,,
,,,,,,,,,,,,,,,,,,,,
,,,,,,,,,,,,,,,,,,,,
,,,,,,,,,,,,,,,,,,,,
,,,,,,,,,,,,,,,,,,,,
,,,,,,,,,,,,,,,,,,,,
,,,,,,,,,,,,,,,,,,,,
,,,,,,,,,,,,,,,,,,,,
,,,,,,,,,,,,,,,,,,,,
,,,,,,,,,,,,,,,,,,,,
,,,,,,,,,,,,,,,,,,,,
,,,,,,,,,,,,,,,,,,,,
,,,,,,,,,,,,,,,,,,,,
,,,,,,,,,,,,,,,,,,,,
,,,,,,,,,,,,,,,,,,,,
,,,,,,,,,,,,,,,,,,,,
,,,,,,,,,,,,,,,,,,,,
,,,,,,,,,,,,,,,,,,,,
,,,,,,,,,,,,,,,,,,,,
,,,,,,,,,,,,,,,,,,,,
,,,,,,,,,,,,,,,,,,,,
,,,,,,,,,,,,,,,,,,,,
,,,,,,,,,,,,,,,,,,,,
,,,,,,,,,,,,,,,,,,,,
,,,,,,,,,,,,,,,,,,,,
,,,,,,,,,,,,,,,,,,,,
,,,,,,,,,,,,,,,,,,,,
,,,,,,,,,,,,,,,,,,,,
,,,,,,,,,,,,,,,,,,,,
,,,,,,,,,,,,,,,,,,,,
,,,,,,,,,,,,,,,,,,,,
,,,,,,,,,,,,,,,,,,,,
,,,,,,,,,,,,,,,,,,,,
,,,,,,,,,,,,,,,,,,,,
,,,,,,,,,,,,,,,,,,,,
,,,,,,,,,,,,,,,,,,,,
,,,,,,,,,,,,,,,,,,,,
,,,,,,,,,,,,,,,,,,,,
,,,,,,,,,,,,,,,,,,,,
,,,,,,,,,,,,,,,,,,,,
,,,,,,,,,,,,,,,,,,,,
,,,,,,,,,,,,,,,,,,,,
,,,,,,,,,,,,,,,,,,,,
,,,,,,,,,,,,,,,,,,,,
,,,,,,,,,,,,,,,,,,,,
,,,,,,,,,,,,,,,,,,,,
,,,,,,,,,,,,,,,,,,,,
,,,,,,,,,,,,,,,,,,,,
,,,,,,,,,,,,,,,,,,,,
,,,,,,,,,,,,,,,,,,,,
,,,,,,,,,,,,,,,,,,,,
,,,,,,,,,,,,,,,,,,,,
,,,,,,,,,,,,,,,,,,,,
,,,,,,,,,,,,,,,,,,,,
,,,,,,,,,,,,,,,,,,,,
,,,,,,,,,,,,,,,,,,,,
,,,,,,,,,,,,,,,,,,,,
,,,,,,,,,,,,,,,,,,,,
,,,,,,,,,,,,,,,,,,,,
,,,,,,,,,,,,,,,,,,,,
,,,,,,,,,,,,,,,,,,,,
,,,,,,,,,,,,,,,,,,,,
,,,,,,,,,,,,,,,,,,,,
,,,,,,,,,,,,,,,,,,,,
,,,,,,,,,,,,,,,,,,,,
,,,,,,,,,,,,,,,,,,,,
,,,,,,,,,,,,,,,,,,,,
,,,,,,,,,,,,,,,,,,,,
,,,,,,,,,,,,,,,,,,,,
,,,,,,,,,,,,,,,,,,,,
,,,,,,,,,,,,,,,,,,,,
,,,,,,,,,,,,,,,,,,,,
,,,,,,,,,,,,,,,,,,,,
,,,,,,,,,,,,,,,,,,,,
,,,,,,,,,,,,,,,,,,,,
,,,,,,,,,,,,,,,,,,,,
,,,,,,,,,,,,,,,,,,,,
,,,,,,,,,,,,,,,,,,,,
,,,,,,,,,,,,,,,,,,,,
,,,,,,,,,,,,,,,,,,,,
,,,,,,,,,,,,,,,,,,,,
,,,,,,,,,,,,,,,,,,,,
,,,,,,,,,,,,,,,,,,,,
,,,,,,,,,,,,,,,,,,,,
,,,,,,,,,,,,,,,,,,,,
,,,,,,,,,,,,,,,,,,,,
,,,,,,,,,,,,,,,,,,,,
,,,,,,,,,,,,,,,,,,,,
,,,,,,,,,,,,,,,,,,,,
,,,,,,,,,,,,,,,,,,,,
,,,,,,,,,,,,,,,,,,,,
,,,,,,,,,,,,,,,,,,,,
,,,,,,,,,,,,,,,,,,,,
,,,,,,,,,,,,,,,,,,,,
,,,,,,,,,,,,,,,,,,,,
,,,,,,,,,,,,,,,,,,,,
,,,,,,,,,,,,,,,,,,,,
,,,,,,,,,,,,,,,,,,,,
,,,,,,,,,,,,,,,,,,,,
,,,,,,,,,,,,,,,,,,,,
,,,,,,,,,,,,,,,,,,,,
,,,,,,,,,,,,,,,,,,,,
,,,,,,,,,,,,,,,,,,,,
,,,,,,,,,,,,,,,,,,,,
,,,,,,,,,,,,,,,,,,,,
,,,,,,,,,,,,,,,,,,,,
,,,,,,,,,,,,,,,,,,,,
,,,,,,,,,,,,,,,,,,,,
,,,,,,,,,,,,,,,,,,,,
,,,,,,,,,,,,,,,,,,,,
,,,,,,,,,,,,,,,,,,,,
,,,,,,,,,,,,,,,,,,,,
,,,,,,,,,,,,,,,,,,,,
,,,,,,,,,,,,,,,,,,,,
,,,,,,,,,,,,,,,,,,,,
,,,,,,,,,,,,,,,,,,,,
,,,,,,,,,,,,,,,,,,,,
,,,,,,,,,,,,,,,,,,,,
,,,,,,,,,,,,,,,,,,,,
,,,,,,,,,,,,,,,,,,,,
,,,,,,,,,,,,,,,,,,,,
,,,,,,,,,,,,,,,,,,,,
,,,,,,,,,,,,,,,,,,,,
,,,,,,,,,,,,,,,,,,,,
,,,,,,,,,,,,,,,,,,,,
,,,,,,,,,,,,,,,,,,,,
,,,,,,,,,,,,,,,,,,,,
,,,,,,,,,,,,,,,,,,,,
,,,,,,,,,,,,,,,,,,,,
,,,,,,,,,,,,,,,,,,,,
,,,,,,,,,,,,,,,,,,,,
,,,,,,,,,,,,,,,,,,,,
,,,,,,,,,,,,,,,,,,,,
,,,,,,,,,,,,,,,,,,,,
,,,,,,,,,,,,,,,,,,,,
,,,,,,,,,,,,,,,,,,,,
,,,,,,,,,,,,,,,,,,,,
,,,,,,,,,,,,,,,,,,,,
,,,,,,,,,,,,,,,,,,,,
,,,,,,,,,,,,,,,,,,,,
,,,,,,,,,,,,,,,,,,,,
,,,,,,,,,,,,,,,,,,,,
,,,,,,,,,,,,,,,,,,,,
,,,,,,,,,,,,,,,,,,,,
,,,,,,,,,,,,,,,,,,,,
,,,,,,,,,,,,,,,,,,,,
,,,,,,,,,,,,,,,,,,,,
,,,,,,,,,,,,,,,,,,,,
,,,,,,,,,,,,,,,,,,,,
,,,,,,,,,,,,,,,,,,,,
,,,,,,,,,,,,,,,,,,,,
,,,,,,,,,,,,,,,,,,,,
,,,,,,,,,,,,,,,,,,,,
,,,,,,,,,,,,,,,,,,,,
,,,,,,,,,,,,,,,,,,,,
,,,,,,,,,,,,,,,,,,,,
,,,,,,,,,,,,,,,,,,,,
,,,,,,,,,,,,,,,,,,,,
,,,,,,,,,,,,,,,,,,,,
,,,,,,,,,,,,,,,,,,,,
,,,,,,,,,,,,,,,,,,,,
,,,,,,,,,,,,,,,,,,,,
,,,,,,,,,,,,,,,,,,,,
,,,,,,,,,,,,,,,,,,,,
,,,,,,,,,,,,,,,,,,,,
,,,,,,,,,,,,,,,,,,,,
,,,,,,,,,,,,,,,,,,,,
,,,,,,,,,,,,,,,,,,,,
,,,,,,,,,,,,,,,,,,,,
,,,,,,,,,,,,,,,,,,,,
,,,,,,,,,,,,,,,,,,,,
,,,,,,,,,,,,,,,,,,,,
,,,,,,,,,,,,,,,,,,,,
,,,,,,,,,,,,,,,,,,,,
,,,,,,,,,,,,,,,,,,,,
,,,,,,,,,,,,,,,,,,,,
,,,,,,,,,,,,,,,,,,,,
,,,,,,,,,,,,,,,,,,,,
,,,,,,,,,,,,,,,,,,,,
,,,,,,,,,,,,,,,,,,,,
,,,,,,,,,,,,,,,,,,,,
,,,,,,,,,,,,,,,,,,,,
,,,,,,,,,,,,,,,,,,,,
,,,,,,,,,,,,,,,,,,,,
,,,,,,,,,,,,,,,,,,,,
,,,,,,,,,,,,,,,,,,,,
,,,,,,,,,,,,,,,,,,,,
,,,,,,,,,,,,,,,,,,,,
,,,,,,,,,,,,,,,,,,,,
,,,,,,,,,,,,,,,,,,,,
,,,,,,,,,,,,,,,,,,,,
,,,,,,,,,,,,,,,,,,,,
,,,,,,,,,,,,,,,,,,,,
,,,,,,,,,,,,,,,,,,,,
,,,,,,,,,,,,,,,,,,,,
,,,,,,,,,,,,,,,,,,,,
,,,,,,,,,,,,,,,,,,,,
,,,,,,,,,,,,,,,,,,,,
,,,,,,,,,,,,,,,,,,,,
,,,,,,,,,,,,,,,,,,,,
,,,,,,,,,,,,,,,,,,,,
,,,,,,,,,,,,,,,,,,,,
,,,,,,,,,,,,,,,,,,,,
,,,,,,,,,,,,,,,,,,,,
,,,,,,,,,,,,,,,,,,,,
,,,,,,,,,,,,,,,,,,,,
,,,,,,,sex,,,,,,,,,,,,,