"NOTICE: This tab is now depricated, but being kept for historical reasons

Click here for the new costume specific spreadsheet -->",,,https://docs.google.com/spreadsheet/ccc?key=0AmWu3Lwx1gaMdHZieml1OFBwalFwLU5tc2xZb0Njc2c#gid=0,,,,,,,
Character,Costume/Episode,Originally Made By?,Sprite Sheet URL,Updated?,Who's updating it?,In game?,Has the costume been updated from version currently in game?,Notes,,
Troy,Normal / Urban Matrimony and the Sandwich Arts,6sutters & edisonout,http://i.imgur.com/gQkZA.png,No,,No,No,,,
Abed,Abed In The Morning / ,Current Reddit/Github user who created the original version., Please enter a valid Imgur or Costume Tester URL.,Select either Yes or No.,Current Reddit/Github user who created the updated version.,Select either Yes or No.,,You can use comments too.,,
,,Tristian,,,,,,WIP - http://i.imgur.com/QTsxB.png,,
Abed,Alien /Epedimiology,guyinhat,http://hawkthorne-costume.herokuapp.com/abed/http%3A%2F%2Fi.imgur.com%2FQCVaW.png,Yes,mario3d,Yes,,Updated to full sprite sheet based on guyinhat design,,
Abed,Epidemiology Zombie,lvl5LazorLotus,http://hawkthorne-costume.herokuapp.com/abed/http%3A%2F%2Fi.imgur.com%2FdP4H2.png,Yes,SirDregan,Yes,,,,
Abed,Gangster / Curriculum Unavailable,M_A_D,http://hawkthorne-costume.herokuapp.com/abed/http%3A%2F%2Fi.imgur.com%2Fqui7e.png,Yes,M_A_D,Yes,,Fixed Pixel and Shifting Bugs,,
Abed,The Mouse King / Regional Holiday Music,mario3d,http://hawkthorne-costume.herokuapp.com/abed/http%3A%2F%2Fi.imgur.com%2F7WhTm.png,Yes,mario3d,Yes,,Updated to full sprite sheet.,,
Abed,,,,,,,,,,
Abed,Abed in the Morning,matthewdelacruz15,http://hawkthorne-costume.herokuapp.com/abed/http%3A%2F%2Fi.imgur.com%2F2BX1K.png,Yes,Matthewdelacruz15,No,,,,
Abed,Bubblebee / Celebrity Pharmacology,mario3d,http://hawkthorne-costume.herokuapp.com/abed/http%3A%2F%2Fi.imgur.com%2Frwfzt.png,Yes,mario3d,Yes,,Antenna from sprite below one of the running to the right sprites overlapped feet causing yellow dots to appear as he runs to the right. Also added death sprites.,,
Abed In The Morning / Troy and Abed In The Morning,Han Solo / For a Few Paintballs More,Nachojarred,http://i.imgur.com/6UcXR.png,Yes,ElDuderino103,Yes,,"First time doing a character sprite, let me know if it needs any changes",,
Abed,White Abed/Joey,ProfBauer,http://hawkthorne-costume.herokuapp.com/abed/http%3A%2F%2Fi.imgur.com%2FgKGGa.png,Yes,ProfBauer,Yes,,,,
Abed,Evil Abed / Introduction to Finality,BuckyBrewer,http://i.imgur.com/54VK6.png,Yes,BuckyBrewer,Yes,,,,
Abed,Abed Jeff / Virtual Systems Analysis,AaronPetykowski,http://imgur.com/qVFbA.png,Yes,AaronPetykowski,Yes,,Is there a reason this isn't in the game? Or has it not been added to the next release yet?,I don't think I'm going to put it into the game. It's just off. I also don't think many people would get it,
Abed,Abed Pierce / Virtual Systems Analysis,AaronPetykowski,http://imgur.com/RnOIy,Yes,AaronPetykowski,Yes,,,,
Abed,Batman / Introduction to Statistics,spuddeh,http://hawkthorne-costume.herokuapp.com/abed/http%3A%2F%2Fi.imgur.com%2FdUWC4.png,Yes,SirDregan,Yes,,,,
Abed,Heather Popandlocklear / Accounting for Lawyers,barry.se,http://hawkthorne-costume.herokuapp.com/abed/http%3A%2F%2Fi.imgur.com%2FdUWC4.png,No,,,,The link is for his batman costume,,
Abed,Jamie Lee Curtis / Contemporary Impressionists,BeforeMonsters,http://hawkthorne-costume.herokuapp.com/abed/http%3A%2F%2Fimgur.com%2FvpKsh.png,No,Zchmhssn89,,,Updated a few more of them.,,
Abed,Normal / Urban Matrimony and the Sandwich Arts,BenFranklinChang,http://hawkthorne-costume.herokuapp.com/abed/http://imgur.com/c7C52.png,No,BenFranklinChang,,,,,
Abed,Jack of Clubs / A Fistful of Paintballs,elfaisa,http://i.imgur.com/VgI4y.png,No,,,,,,
Abed,Rod the Plumber / The First Chang Dynasty,Glasenator,http://i.imgur.com/c40Iz.png,No,,,,,,
Abed,,,,,,,,,,
Abed,Fry Cook / Contemporary American Poultry,Kazook,http://i.imgur.com/XdHYa.png,No,pmaynard,,,,,
Abed,Greendale Asylum / Curriculum Unavailable,kilakev,http://hawkthorne-costume.herokuapp.com/abed/http://i.imgur.com/GIHyk.png,No,,,,,,
Abed,Top Gun Fighter Pilot / Horror Fiction In Seven Spooky Steps,notfreshprince,http://hawkthorne-costume.herokuapp.com/abed/http%3A%2F%2Fi.imgur.com%2FE2qVJ.png,No,,,,,,
Abed,Astronaut / Basic Rocket Science,Majestic_Moose,http://hawkthorne-costume.herokuapp.com/abed/http%3A%2F%2Fi.imgur.com%2FTz81z.png,No,,,,,,
Abed,Punchkicker / Romantic Expressionism,mario3d,http://i.imgur.com/tbHkX.png,No,,,,,,
Abed,St. Patrick's Day / Paradigms of Human Memory,Philoctitties,http://hawkthorne-costume.herokuapp.com/abed/http://imgur.com/xpoSp.png,No,,,,Going to re-do this with the updated sprite sheet. Plus The color looks a little off so I'll fix it up,,
Abed,Pillows And Blankets,,http://i.imgur.com/Rj70y,No,IllogicalSpork,,,"This is my first time doing a sprite, so feedback would be greatly appreciated.",,
Abed,Camouflage / Modern Warfare,Tristian,http://hawkthorne-costume.herokuapp.com/abed/http://i.imgur.com/oUfqE.png,No,,,,,,
Abed, Inspector Spacetime ,elfaisa,http://i.imgur.com/9PE4X.png,Yes,BuckyBrewer,Yes,,,,
Abed,Inspector Spacetime #2 (Brown Coat) / Virtual Systems Analysis,BuckyBrewer,,,,,,,,
Abed,Toga / Art of Discourse,sallybranch,http://hawkthorne-costume.herokuapp.com/abed/http%3A%2F%2Fi.imgur.com%2FPqoyC.png,Yes,?,Yes,,Fixed the toga. Now edited with the new layout.,,
Abed,Home Intruder/ Horror Fiction in Seven Spooky Steps,doppledeaner7,http://hawkthorne-costume.herokuapp.com/abed/http%3A%2F%2Fi.imgur.com%2Fk9H9R.png,No,,,,,,
Abed,Bert / Physical Education,Charmee,,,,,,,,
Abed,Cowboy / Paradigms of Human Memory,Suspicious_37,http://i.imgur.com/dOUgp.png,Yes,Suspicious_37,Yes,,,,
Abed,Detective Abed / Basic Lupine Urology,RahmEeRoh,,,,,,,,
Abed,Astronaut Practice / Basic Rocket Science,,,,,,,,,
Abed,Orange Paint Edition / For a Few Paintballs More,?,https://raw.github.com/kyleconroy/hawkthorne-journey/master/src/images/abed_paint.png,Yes,?,Yes,,,,
Abed,Abed Annie/Virtual Systems Analysis,AaronPetykowski,,,,,,,,
Abed,Abed Troy/Virtual Systems Analysis,AaronPetykowski,,,,,,,,
Abed,Abed Britta/Virtual Systems Analysis,AaronPetykowski,,,,,,,,
Abed,Abed Shirley/Virtual Systems Analysis,AaronPetykowski,,,,,,,,
Abed,Abed Chang/Virtual Systems Analysis,AaronPetykowski,,,,,,,,
Abed ,Cooperative Calligraphy,De3ertf0x,http://imgur.com/Bwyz6,No,,,,,,
Abed,Christmas Rap Sweater/Regional Holiday Music,errol333,http://hawkthorne-costume.herokuapp.com/abed/http%3A%2F%2Fi.imgur.com%2FuGAsD.png,Yes,errol333,Yes,,7/24/12: Finished! Enjoy! based on: https://d19nsh368mnho.cloudfront.net/wp-content/uploads/2011/12/AhfxBIiCMAAoRRP.jpg,7/25/2012: Fixed the annoying flipping santa hat. should be perfect now for the game,8/23/2012: last fix
Abed,Pokemon,patrickfahey,,,patrickfahey,,,,,
Abed,Abed the Messiah/Messianic Myths and Ancient Peoples,Quipu-,,,Inspector-Space-Time,,,,,
Abed,Bubblewrap Head / Modern Movement,BuckyBrewer,,,,,,,,
Abed & Troy (Abed Costume),Troy & Abed Sewn Together / Horror Fiction in Seven Spooky Steps,BuckyBrewer,http://i.imgur.com/E6TkM.png,Yes,BuckyBrewer,Yes,,"UPDATED 7/3/12: Updated and improved numerous sprites (looking up, running right, holds, throws) and fixed any mistakes that were noticed or submitted",,
Andre Bennet,Asian Population Studies,,,,,,,,,
Annie,Sexy Santa / Regional Holiday Music,Wubbledaddy & edisonout,http://hawkthorne-costume.herokuapp.com/annie/http%3A%2F%2Fi.imgur.com%2Fcbfzl.gif,Yes,edisonout,Yes,,,,
Annie,Little Red Riding Hood / Epidemiology,clogan1,http://i.imgur.com/meGZw.png,Yes,edisonout,No,,,,
Annie,Bin Lid / Modern Warfare,edisonout,http://hawkthorne-costume.herokuapp.com/annie/http%3A%2F%2Fi.imgur.com%2FD3XHv.png,Yes,edisonout,No,,,,
Annie,Greendale Asylum / Curriculum Unavailable,edisonout,http://hawkthorne-costume.herokuapp.com/annie/http%3A%2F%2Fi.imgur.com%2FoBs4J.gif,Yes,edisonout,Yes,,,,
Annie,Orange Paint Edition / For a Few Paintballs More,edisonout,http://i.imgur.com/H7z66.gif,No,,,,,,
Annie,Ace of Hearts / A Fistful of Paintballs,elfaisa,http://i.imgur.com/IDBE9.png,No,,,,,,
Annie,Geneva / Virtual Systems Analysis,elfaisa,http://hawkthorne-costume.herokuapp.com/annie/http%3A%2F%2Fi.imgur.com%2FwcZrI.png),Yes,Costume being taken over by MEGATRUCK,Yes,,,,
Annie,Cheerleader/ Investigative Journalism,mario3d,http://hawkthorne-costume.herokuapp.com/annie/http%3A%2F%2Fi.imgur.com%2FRI1nA.png,No,,,,,,
Annie,Digital Estate Planning / Armor,ProfBauer,https://raw.github.com/kyleconroy/hawkthorne-journey/master/src/images/annie_armor.png,Yes,ProfBauer,Yes,,,,
Annie,Dia De Los Muertos Skeleton Costume,ATBvids,,,,,,"WIP, will finish during the week of the 4th",,
Annie,Karatannie / Paradigms of Human Memory,,,,,,,,,
Annie,Nancy Drew / Conspiracy Theories and Interior Design,NerdSavvy,,,,,,WIP,,
Annie,Epidemiology Zombie,lvl5LazorLotus,http://i.imgur.com/CfELs.png,Yes,edisonout,No,,,,
Annie,Ballerannie/ Abed's Uncontrollable Christmas,Wubbledaddy,,,,,,Can we give her ballet shoes?,,
Annie,Astronaut Practice / Basic Rocket Science,niles_smiles,http://hawkthorne-costume.herokuapp.com/annie/http%3A%2F%2Fi.imgur.com%2Fcbfzl.gif,,,,,,,
Annie,Campus Security / The Science of Illusion,Ciocori,http://hawkthorne-costume.herokuapp.com/annie/http%3A%2F%2Fi.imgur.com%2FS9zRn.png,Yes,,Yes,,,,
Annie,Changlorious Bastard / The First Chang Dynasty,Ciocori,,,,,,WIP,,
Annie,Heather Popandlocklear / Accounting for Lawyers,,,,,,,,,
Annie,Honey / Critical Film Studies,FannyFeeny,,,,,,,,
Annie,Planet Christmas / Regional Holiday Music,,,,,,,,,
Annie,Werewolf (Beast) / Horror Fiction in Seven Spooky Steps,BuckyBrewer,,,,,,,,
Annie,Werewolf (Human) / Horror Fiction in Seven Spooky Steps,BuckyBrewer,,,,,,,,
Annie,Annie Abed/Virtual Systems Analysis,AaronPetykowski,http://i.imgur.com/54KKX.png,Yes,AaronPetykowski,No,,,,
Annie Kim,Geography of Global Conflict,Wuubledaddy,http://hawkthorne-costume.herokuapp.com/annie/http%3A%2F%2Fi.imgur.com%2Fti65P.png,Yes,"spuddeh, jjangu, and Kastian",Yes,,,,
Annie,Debate team/Debate 109,crack_bunny,,,,,,,,
Annie,Western dress/A Fistful of Paintballs,,,,,,,,,
Annie,Judy Garland/Contemporary Impressionists,,,,,,,,,
Annie,,,,,,,,,,
Annie's Boobs,"Contemporary American Poultry, and others",,,,,,,,,
Bill (Red Haired Guy),For a Few Paintballs More and others,paperplatemasks,,,,,,,,
Britta,Mute Tree / Regional Holiday Music,cptbooyah and mario3d,http://hawkthorne-costume.herokuapp.com/britta/http%3A%2F%2Fi.imgur.com%2Fhxddc.png,Yes,mario3d,Yes,,Updated to Full Sprite Sheet. Modified ducking sprite.,,
Britta,Me So Christmas (Mouse King) / Regional Holiday Music,mario3d,http://hawkthorne-costume.herokuapp.com/britta/http%3A%2F%2Fi.imgur.com%2FQhiT9.png,Yes,mario3d,Yes,,[FIXED] I removed some stray white pixels from the ducking sprites.,,
Britta,Tea Pot / Interpretive Dance,AaronPetykowski,http://hawkthorne-costume.herokuapp.com/britta/http://i.imgur.com/70kuF.png,Yes,AaronPetykowski,Yes,,,,
Britta,Squirrel/Intro to Statistics,Octocycle2,http://i.imgur.com/fUAUp.png,Yes,Octocycle2,Yes,,Fixed a few misplaced pixels,,
Britta,Kool Kat / Celebrity Pharmacology,mario3d,http://hawkthorne-costume.herokuapp.com/britta/http%3A%2F%2Fi.imgur.com%2FTkxso.png,Yes,mario3d,Yes,,Updated to final Template.,,
Britta,Peyote / Curriculum Unavailable,Automatic_Taglines,http://hawkthorne-costume.herokuapp.com/britta/http%3A%2F%2Fi.imgur.com%2FQq7vo.png,Yes,Automatic_Taglines,Yes,,[FIXED] The hair no longer flickers on the z-axis.,,
Britta,Paintball Gear / Modern Warfare,CreedogV,http://hawkthorne-costume.herokuapp.com/britta/http%3A%2F%2Fi.imgur.com%2FlAONK.png,Yes,CreedogV,Yes,,,,
Britta,Mia Wallace / Critical Film Studies,cyberpie118 and edisonout,http://hawkthorne-costume.herokuapp.com/britta/http://i.imgur.com/Zc5fw.gif,No,,,,I did another Mia Wallace - Britta because I didn't know it was already done http://i.imgur.com/hGysm.png and I think is better,,
Britta,Greendale Asylum / Curriculum Unavailable,edisonout,http://hawkthorne-costume.herokuapp.com/britta/http%3A%2F%2Fi.imgur.com%2FBe3FU.gif,Yes,edisonout,Yes,,,,
Britta,Dark Timeline Britta / Remedial Chaos Theory,elfaisa,http://hawkthorne-costume.herokuapp.com/britta/http%3A%2F%2Fi.imgur.com%2FiYsJk.gif,Yes,edisonout,Yes,,,,
Britta,Goth Assistant / The First Chang Dynasty,elfaisa,http://i.imgur.com/4A3EA.png,No,,,,,,
Britta,Queen of Spades / A Fistful of Paintballs,elfaisa,http://i.imgur.com/4FB3v.png,No,,,,,,
Britta,Cheerleader / Investigative Journalism,mario3d,http://i.imgur.com/hm3U0.png,No,,,,,,
Britta,Brittasaurus Rex / Epidemiology,trevorstarick,http://hawkthorne-costume.herokuapp.com/britta/http%3A%2F%2Fi.imgur.com%2FZabzj.png,Yes,lvl5LazorLotus / gRaF_rOTZ,Yes,,,,
Britta,Alternative or Additional Brittasaurus Rex / Epidemiology,gRaF_rOTZ,http://hawkthorne-costume.herokuapp.com/britta/http%3A%2F%2Fi.imgur.com%2FJRn8d.png,Yes,gRaF_rOTZ,Yes,,Did an additional Brittasaurus as quite a few seem unsatisfied with the current one ( http://redd.it/wqiqw ),,
Britta,Astronaut Practice / Basic Rocket Science,TGNSD,http://hawkthorne-costume.herokuapp.com/britta/http%3A%2F%2Fi.imgur.com%2FAzDD8.png,Yes,edisonout,No,,,,
Britta,Epidemiology Zombie,Lvl5lazorlotus,http://i.imgur.com/hS5ew.png,Yes,Lvl5lazorlotus,Yes,,,,
Britta,Brittabot / Abed's Uncontrollable Christmas,WilburWright,,,,,,[WIP] http://imgur.com/rOaU8,,
Britta,Heather Popandlocklear / Accounting for Lawyers,,,,,,,,,
Britta,Michael Jackson / Contemporary Impressionists,,,,,,,,,
Britta,Photographer / Pillows and Blankets,ClaireLeBear,,,,,,First time making a sprite so I made need a little help,,
Britta,Psychopath Britta / Horror Fiction In Seven Spooky Steps,Automatic_Taglines,,,,,,,,
Britta,"""It's like New York out there..."" (Blood Covered) / Horror Fiction in Seven Spooky Steps",BuckyBrewer,,,,,,,,
Buddy,Investigative Journalism,?,https://raw.github.com/kyleconroy/hawkthorne-journey/master/src/images/buddy.png,Yes,?,Yes,,,,
Buddy,Master Exploder,?,https://raw.github.com/kyleconroy/hawkthorne-journey/master/src/images/buddy_master_exploder.png,Yes,?,Yes,,,,
Buddy ,Roman Hamburger Toga / Investigative Journalism,,,,,,,,,
Chang,Jeff's Understudy / Documentary Filmmaking: Redux,RahmEeRoh,,No,,,,"Done, although I couldnt test it since there isnt a chang in the costume tester. Fixed transparency issue. Fixed offset issue - can still test in one of the other characters to check one figure in each box. (PS. I love how his tie moves when he runs) Thank you!",,
Chang,Brutalitops /Dark Elf / Advanced Dungeons and Dragons,TristianShaut,http://i.imgur.com/Sf4la.png,Yes,levinsonms,No,,,,
Chang,Changface / Modern Warfare,jjangu,http://i.imgur.com/PICL5.png,No,,,,,,
Chang,Chang the Snowman / Abed's Uncontrollable Christmas,,,,,,,,,
Chang,Security Guard Chang ,jjangu,http://i.imgur.com/opm9v.png,No,,,,,,
Chang,Teacher Chang / Physical Education,jjangu,http://i.imgur.com/3v1Oi.png,Yes,jjangu,Yes,,,,
Chang,Abed Chang / Virtual Systems Analysis,,,,,,,,,
Chang,Speedo / Paradigms of Human Memory,ClaireLaBear,,,,,,,,
Chang,"Ben ""Safety First"" Chang / English as a Second Language",kanuck94,http://i.imgur.com/abj1M.png,Yes,Kanuck94,No,,"Some people have suggested that he hold a keytar, but I lack the talent to design a one.  If anyone wants to update him with a keytar or even create a keytar sprite which I could add.  Look me up on reddit under kanuck94 if you want to do one of the above.",,
Chang,Soccer Fan / Early 21st Century Romanticism,nyan_swanson,,,,,,,,
Chang,Blanketsburg / Pillows and Blankets,,,,,,,,,
Chang,Butch Coolidge / Critical Film Studies,,,,,,,,,
Chang,Cheerleader / A Fistful of Paintballs,,,,,,,,,
Chang,Dictator / First Chang Dynasty,cammo_1234,http://hawkthorne-costume.herokuapp.com/abed/http%3A%2F%2Fi.imgur.com%2FW8DYG.png,Yes,cammo_1234,Yes,,Completed,,
Chang,Drugs / Celebrity Pharmacology,,,,,,,,,
Chang,Father Chang / Custody Law and Eastern European Diplomacy,kanuck94,,,,,,,,
Chang,Heather Popandlocklear / Accounting for Lawyers,,,,,,,,,
Chang,Senor / Introduction to Statistics,,,,,,,,,
Cory Radison,Regional Holiday Music,,,,,,,,,
Dan Harmon,,idontusereddit,http://imgur.com/a/2GVYT or http://imgur.com/a/IFoqj (Updated),No,paperplatemasks,,,WIP,,
Dean Pelton,Devil/Horror Fiction in Seven Spooky Steps,barry.se,http://i.imgur.com/r5HwB.png,No,,,,"Fixed spacing
Suggestions? No pitch fork, could it be a weapon in the game?",,
Dean Pelton,Mardi Gras/Paradigms of Human Memory,barry.se,http://i.imgur.com/KkJu9.png,No,,,,Needs spacing,,
Dean Pelton,Aunt Sam/Intro to Political Science,barry.se,http://i.imgur.com/gZfVK.gif,No,,,,"Updated so now spaced correctly, added outline to hat & shoes",,
Dean Pelton,,jjangu,http://i.imgur.com/VTfze.png,Yes,edisonout,No,,Will need to be made a playable character,,
Dean Pelton,Bee/Celebrity Pharmocology,wyken,http://i.imgur.com/bX0Ki.png,No,,,,Fixed transparency and offset,,
Dean Pelton,Caesar Salad Day/Paradigms of Human Memory,wyken,http://i.imgur.com/Jl6Cw.png,No,,,,Will update using jjangu's pattern,,
Dean Pelton,Gone with the Windows/Paradigms of Human Memory,wyken,http://i.imgur.com/pzC2Q.png,No,,,,Will update using jjangu's pattern,,
Dean Pelton,Habitat for Humanity/Paradigms of Human Memory,,1,No,,,,Will update using jjangu's pattern,,
Dean Pelton,Imprisoned/The First Chang Dynasty,wyken,http://i.imgur.com/8pGqq.png,No,,,,Will update using jjangu's pattern,,
Dean Pelton,Good News-Bad News/Virtual Systems Analysis,,http://i.imgur.com/BFhQZ.png,No,,,,"Not finished yet, waiting for feedback
Needs to be transparent and spaced out more - use the dean's bee costume as a guide. Maybe outline the blonde hair to make it stand out more. I really like his suit half.",,
Dean Pelton,Pop and Locktober Fest/Accounting for Lawyers,,http://i.imgur.com/zADS3.png,No,,,,Will update using jjangu's pattern,,
Dean Pelton,Flat Baroque/Paradigms of Human Memory,barry.se,,,,,,,,
Dean Pelton,Shirley's Dress/Biology 101,,,,,,,,,
Dean Pelton,Tron?/Advanced Gay,,,,,,,,,
Dean Pelton,50's Gangster Broad/Curriculum Unavailable,,,,,,,,,
Dean Pelton,Can Can Cancelled/Course Listing Unavailable,,,,,,,,,
Dean Pelton,Feline Aids Awareness/Paradigms of Human Memory,,,,,,,,,
Dean Pelton,Conductor/Origins of Vampire Mythology,,,,,,,,,
Dean Pelton,Construction Worker/ Introduction to Finality,,,,,,,,,
Dean Pelton,Dalmatian Cowboy/A Fist Full of Paintballs,,,,,,,,,
Dean Pelton,Fireman/Curriculum Unavailable,,,,,,,,,
Dean Pelton,Greendale Rave/The First Chang Dynasty,,,,,,,,,
Dean Pelton,Janitor/Curriculum Unavailable,,,,,,,,,
Dean Pelton,Judge/Greendale Summer Fun Court,,,,,,,,,
Dean Pelton,Justice/Greendale Summer Fun Court,,,,,,,,,
Dean Pelton,Lady Gaga/Epidemiology,,,,,,,,,
Dean Pelton,Masquerade/Intro to Statistics,,,,,,,,,
Dean Pelton,Mister Winter/Comparative Religion,,,,,,,,,
Dean Pelton,Naked Breakdown/Documentary Filmmaking Redux,notRyanClark,,,,,,,,
Dean Pelton,New Dean/Biology 101,,,,,,,,,
Dean Pelton,Ni Hao in this Hizzy/Custody Law and Eastern...,,,,,,,,,
Dean Pelton,Sleepover/Origins of Vampire Mythology,,,,,,,,,
Dean Pelton,Tina Turner/Paradigms of Human Memory,,,,,,,,,
Dean Pelton,Witch/Horror Fiction in Seven Spooky Steps,,,,,,,,,
Dean Spreck,Pistol Patty/For a Few Paintballs More,,,,,,,,,
Dean Spreck,,gRaF_rOTZ,http://hawkthorne-costume.herokuapp.com/jeff/http%3A%2F%2Fi.imgur.com%2FSYI64.png,,,,,WIP,,
Dr. Rich,,claywin,http://imgur.com/OgPK5,No,,,,"If you want, you can update it.",,
Dr. Rich,Banana/Epidemiology,,,,,,,,,
Dr. Rich,Zombie/Epidemiology,,,,,,,,,
Eustace Whitman,Season 1,,,,,,,,,
Fat Neil,Regular/Advanced Dungeons and Dragons,SimmonsIsFinished,http://hawkthorne-costume.herokuapp.com/jeff/http%3A%2F%2Fi.imgur.com%2FSjXDh.png,Yes,SimmonsIsFinished,Yes,,,,
Garrett,T,mckriet,http://i.imgur.com/nXNdX.png,No,,,,,,
Garrett,Pajamas,,,,,,,,,
Garrett,Precog,,,,,,,,,
Gilbert,Digital Estate Planning,Ohsin,http://i.imgur.com/kRX96.png,No,,,,,,
Gubi Nadir,,,,,,,,,,
Harry ,Digital Exploration of Interior Design / Pillows and Blankets / Basic Lupine Urology,,,,,,,,,
Human Being,Valentine's day dance(Cupid being) / Communication Studies,heathre,,,,,,,,
Human Being,ice human beng,,,,,,,,,
Human Being,Human Being,heathre,http://i.imgur.com/197Bc.jpg,No,,,,,,
Ian Duncan,Soccer Fan / Early 21st Century Romanticism,funkygorilla93,http://imgur.com/LzDwE,No,,,,Did what i could with the available sprites,,
Ian Duncan,,JAnaya,http://imgur.com/6ZzQC,No,,,,,,
Ian Duncan,Wizard / Abed's Uncontrollable Christmas,Zaxerone,http://i.imgur.com/LDHw1.png,No,,,,,,
Ian Duncan,Warlock/Abed's Uncontrollable Christmas,,,,,,,,,
Jeff,Electrocuted Jeff / Digital Estate Planning,edsterman,http://hawkthorne-costume.herokuapp.com/jeff/https%3A%2F%2Fdl.dropbox.com%2Fu%2F3234330%2Fjeff-electro.png,Yes,edsterman,Yes,,last-updated (7/11),,
Jeff,Naked,edsterman,http://hawkthorne-costume.herokuapp.com/jeff/https%3A%2F%2Fdl.dropbox.com%2Fu%2F3234330%2Fjeff-naked.png,Yes,edsterman,Yes,,last-updated (7/6),,
Jeff,Sexy Cowboy / Intro to Statistics,Edsterman,http://hawkthorne-costume.herokuapp.com/jeff/https%3A%2F%2Fdl.dropbox.com%2Fu%2F3234330%2Fjeff-sexy-cowboy.png,Yes,edsterman,Yes,,last-updated (7/3),,
Jeff,Abed's Shirt / Spanish 101,Condoreo,http://i.imgur.com/KplOn.png,Yes,Condoreo,Yes,,Done IN FULL,,
Jeff,Seacrest Hulk / Contemporary Impressionists,HolyHandGnade13,http://hawkthorne-costume.herokuapp.com/jeff/https%3A%2F%2Fdl.dropbox.com%2Fu%2F3234330%2Fjeff-hulk.png,Yes,edsterman,Yes,,"I am sick of starring at Jeff muscles, but I finished",,
Jeff,Beckham / Epidemiology,Philoctitties,http://hawkthorne-costume.herokuapp.com/jeff/https%3A%2F%2Fdl.dropbox.com%2Fu%2F3234330%2Fjeff-beckham.png,Yes,edsterman,Yes,,updated to final sprite sheet,,
Jeff,Zombie Beckham / Epidemiology,lvl5LazorLotus,https://dl.dropbox.com/u/3234330/zombie-jeff.png,Yes,edsterman,Yes,,updated to final sprite sheet - http://i.imgur.com/fFMIx.png (original),,
Jeff,Kool Kat Jeff / Celebrity Pharmacology,mario3d,http://hawkthorne-costume.herokuapp.com/jeff/http%3A%2F%2Fi.imgur.com%2FsWrnt.png,Yes,mario3d,Yes,,updated to final sprite sheet,,
Jeff,Jeff Goldblum / Beginner Pottery,aFiveSeven,http://hawkthorne-costume.herokuapp.com/jeff/http%3A%2F%2Fi.imgur.com%2FPm3c5.png,Yes,aFiveSeven,Yes,,*Finished*,,
Jeff,Astronaut Practice / Basic Rocket Science,gingrbeard,http://i.imgur.com/7NO5E.png,Yes,gingrbeard,No,,See comments in thread,,
Jeff,Dirty Vest / Modern Warfare,afuturepresident,http://i.imgur.com/33hiL.png,No,,,,,,
Jeff,Jeff-in-a-Box / Abed's Uncontrollable Christmas,CmdOptEsc,http://hawkthorne-costume.herokuapp.com/jeff/http%3A%2F%2Fimgur.com%2Fpkxya.png,No,BarraaCudaa,,,May need some help with the run animation...,,
Jeff,Armor,covertPZ,,No,,,,,,
Jeff,Darkest Timeline / Remedial Chaos Theory,deckhipstername,http://i.imgur.com/XdA7Q.png,No,,,,Fixed transparency issue - JewPorn,,
Jeff,Greendale Asylum / Curriculum Unavailable,edisonout,http://hawkthorne-costume.herokuapp.com/jeff/http%3A%2F%2Fi.imgur.com%2FsKt4e.gif,Yes,edisonout,Yes,,,,
Jeff,King of Spades / A Fistful of Paintballs,elfaisa,https://raw.github.com/kyleconroy/hawkthorne-journey/master/src/images/jeff_spades.png,Yes,elfaisa,Yes,,updated,,
Jeff,Ricky Nightshade / The First Chang Dynasty,elfaisa,http://i.imgur.com/AzfrS.png,No,notaredfox,,,Do you mind if I finish this? It looks fun to work on :) -notaredfox,,
Jeff,Fast and Furious / Horror Fiction In Seven Spooky Steps,JAnaya,http://imgur.com/l0chL,No,,,,,,
Jeff,Planet Christmas / Regional Holiday Music,JAnaya,http://imgur.com/U9JA0,No,,,,,,
Jeff,Dean Pelton / Documentary Filmmaking: Redux,Kaworus_lover,http://imgur.com/S1AeZ,No,,,,Edited to the second version with stubble.,,
Jeff,Aviators / Contemporary Impressionists,RahmEeRoh,http://hawkthorne-costume.herokuapp.com/jeff/http%3A%2F%2Fi.imgur.com%2FNBXci.png,No,,,,,,
Jeff,Carpe Diem! / Introduction to Film,RahmEeRoh,http://hawkthorne-costume.herokuapp.com/jeff/http%3A%2F%2Fi.imgur.com%2Fk6Z5f.png,No,,,,This was a pain in the ass to make. You're welcome.  ~Can the shirt be fixed so it looks tucked it? suspenders don't really work if the shirt isnt tucked in. Here you go: http://imgur.com/TJNpf,,
Jeff,Vincent Vega / Critical Film Studies,RahmEeRoh,http://hawkthorne-costume.herokuapp.com/jeff/http%3A%2F%2Fi.imgur.com%2FAXPze.png,No,,,,"Could also work as lawyer Jeff, or Ryan Seacrest Jeff",,
Jeff,Shorts / Physical Education,levinsonms,http://i.imgur.com/54aI4.png,Yes,levinsonms,No,,,,
Jeff,Mohawk Jeff / Curriculum Unavailable,Yigabar,http://imgur.com/MqD2p,No,Yigabar,,,,,
Jeff,Vampire Jeff / Horror Fiction In Seven Spooky Steps,niles_smiles,,,,,,,,
Jeff,Monkey Gas Jeff / Biology 101,shnook21,,,,,,,,
Jeff,The Real World / Intro to Political Science,coreyander,,,,,,in progress (WIP: http://i.imgur.com/8CQj9.png),,
Jeff,Heather Popandlocklear / Accounting for Lawyers,Suspicious_37,http://i.imgur.com/SaEBM.png,Yes,Suspicious_37,Yes,,,,
Jeff,Totally Insane / Paradigms of Human Memory,Suspicious_37,http://i.imgur.com/qlLMj.png,Yes,Suspicious_37,No,,,,
Jeff,Train Conductor / Paradigms of Human Memory,,,,,,,,,
Jeff,Anime / Foosball and Nocturnal Vigilantism,gRaF_rOTZ,http://hawkthorne-costume.herokuapp.com/jeff/http%3A%2F%2Fi.imgur.com%2Fx41xQ.png,Yes,gRaF_rOTZ,No,,I'm curious why this costume isn't in the game yet? Thought this was finished weeks ago,,
Jeff,Basketball / Aerodynamics of Gender,matthewdelacruz15,In progress,,,,,,,
Jeremy Simmons,,SimmonsIsFinished,,,,,,,,
Jerry the Janitor,,,,,,,,,,
June Bauer ,Anthropology 101 / The Psychology of Letting Go,AaronPetykowski,,,,,,,,
Kelly,,SimmonsIsFinished,,,,,,,,
Kickpuncher,,GameofTardises,,,,,,,,
Leonard,Intro to Political Science,Ajay182,,,,,,,,
Leonard,Greendale Asylum / Curriculum Unavailable,Afiveseven,,,,,,,,
Leonard,Western / A Fistful of Paintballs,Afiveseven,,,,,,,,
Leonard,Zombie Pumpkin,,,,,,,,,
Levar Burton,Intermediate Documentary Filmmaking,The Gov'nor,,,,,,"Based on Jeff sprite sheet, because I'm not racist. If I could make a suggestion, I think he should jump twice as high as the other characters.",,
Luiz Guzman,Bronzed,Paragon19,,,,,,,,
Luiz Guzman,Normal / Documentary Filmmaking: Redux,Paragon19,,,,,,I've put Jeff in a box back in it's proper place,,
Magnitude,,DanToolsie,,,,,,Pop pop! from the election episode,,
Magnitude,Pillow Lieutenant,,,,,,,,,
Mariah,Librarian / Early 21st Century Romanticism,,,,,,,,,
Marion Holly,Pottery Professor / Beginner Pottery,,,,,,,,,
Mark,,SimmonsIsFinished,,,,,,,,
Michelle Slater,Season 1,Pharaoh11,http://i.imgur.com/z7ZDN0Z, No,,,,From the last episode of season 1 ,,
Mike,Comparative Religion / A Fistful of Paintballs,SimmonsIsFinished,,,,,,,,
Murray the AC Repairman,First Chang Dynasty / Intro to Finality ,,,,,,,,,
Nurse Jackie ,,SimmonsIsFinished,,no,,,,,,
Officer Cackowski,Basic cop outfit / Curriculum Unavailable,Rainfly_X,https://github.com/campadrenalin/hawkthorne-journey/commit/8756a489c7a05df68a5c956f3f6f745be8a4400c,No,paperplatemasks,,,"I think it's fine, but everyone else seems dissatisfied with the facial hair. If I had an example of what people wanted, I could copy it across all the frames.","The Facial hair is ok, but could you make him chubbier and make his eyes more like Jeff's so it can fit in with the rest of the characters. That's just my two cents.",
Officer Nunez,Biology 101 / Geography of Human Conflict / Competitive Ecology,,,,,,,,,
Paige,"Britta's ""Lesbian"" Friend / Early 21st Century Romanticism",,,,,,,,,
Pierce,Captain Kirk / Epidemiology,,http://hawkthorne-costume.herokuapp.com/pierce/http%3A%2F%2Fi.imgur.com%2FDC5Ip.png,Yes,Philoctitties,Yes,,,,
Pierce,Zombie / Epidemiology,,http://hawkthorne-costume.herokuapp.com/pierce/http%3A%2F%2Fi.imgur.com%2FbrJaQ.png,Yes,lvl5LazorLotus,Yes,,,,
Pierce,Dress / Communication Studies,shnook21,http://hawkthorne-costume.herokuapp.com/pierce/http%3A%2F%2Fi.imgur.com%2FYGr86.png,Yes,niles_smiles,Yes,,,,
Pierce,Laser Lotus / Psychology of Letting Go,gizmo9002,http://hawkthorne-costume.herokuapp.com/pierce/http%3A%2F%2Fi.imgur.com%2FFy3nu.png,Yes,gizmo9002,Yes,,costume ready - check it out,,
Pierce,Stormtrooper / For a Few Paintballs More,edsterman,http://hawkthorne-costume.herokuapp.com/pierce/https%3A%2F%2Fdl.dropbox.com%2Fu%2F3234330%2Fpierce-paintball-trooper.png,Yes,edsterman,Yes,,last-updated (7/13),,
Pierce,Naked 8-bit Pierce / Digital Estate Planning,konyismydad,http://i.imgur.com/58tF1.png,Yes,,Yes,,,,
Pierce,Drugs / Celebrity Pharmacology,DeadpoolIsMyHomeboy,http://hawkthorne-costume.herokuapp.com/pierce/http%3A%2F%2Fimgur.com%2Fjce1k.png,Yes,"DeadpoolIsMyHomeboy, judicium",Yes,,Done,,
Pierce,Beastmaster / Introduction to Statistics,elfaisa,http://i.imgur.com/SGJYo.png,No,Ciocori,,,,,
Pierce,The Baron / A Fistful of Paintballs,elfaisa,http://i.imgur.com/rZ98v.png,No,,,,,,
Pierce,Gangster / Curriculum Unavailable,hisfavouriteflavour,http://i.imgur.com/2NUUr.png,No,,,,,,
Pierce,Captain Pierce / Beginner Pottery,SPRneon,http://hawkthorne-costume.herokuapp.com/pierce/http%3A%2F%2Fi.imgur.com%2FcfVci.png,No,,,,need someone to take it over (exams take 2 much time),,
Pierce,Teddy Bear / Abed's Uncontrollable Christmas,SPRneon,http://hawkthorne-costume.herokuapp.com/pierce/http%3A%2F%2Fi.imgur.com%2F1tGfq.png,no,,,,Finished- adapted to new spritesheet,,
Pierce,Cookie Crisp Wizard / The Science of Illusion,ThomasMB,http://hawkthorne-costume.herokuapp.com/pierce/https%3A%2F%2Fdl.dropbox.com%2Fu%2F3234330%2Fpierce-cookie.png,No,,,,"Half completed, don't know how to make background transparent.  Won't be working on this again until August/September.[ThomasMB]",,
Pierce,Gimp / Critical Film Studies,ThomasMB,http://i.imgur.com/aAclt.png,Yes,NikSN,No,,"Quarter completed, don't know how to make background transparent. Won't be working on this again until August/September.",Do you want me to keep updating this?[NikSN],
Pierce,Urban Matrimony and the Sandwhich Arts,Wubbledaddy,http://i.imgur.com/UIxuS.png,No,,,,,,
Pierce,Darkest Timeline:  Ghost,Myers78,http://i.imgur.com/0sRwF.png or maybe http://imgur.com/pFmXF.png,No,,,,"Finishing the blimp first, PM me if you'd like to take over  Hey whoever's working on the blimp, I thought I'd give it a go, I'm new to this whole thing but let me know what you think -Myers78",,
Pierce,Hot Dog / Paradigms of Human Memory,notRyanClark,http://i.imgur.com/IBzR6.png,Yes,notRyanClark,Yes,,,,
Pierce,Greendale Asylum / Curriculum Unavailable,edisonout,,,,,,,,
Pierce,Fat Burt Reynolds / Contemporary Impressionists,shnook21,http://imgur.com/n7991,,,,,,,
Pierce,Tuxedo / Studies in Modern Movement,shnook21,,,,,,errol333: I'm already almost done it. don't worry about this one,,
Pierce,Astronaut Practice / Basic Rocket Science,funkygorilla93,http://imgur.com/0x7hQ,Yes,funkygorilla93,Yes,,"My first sprite editing experience, be kind, yes its finished.",,
Pierce,Heather Popandlocklear / Accounting for Lawyers,notRyanClark,,,,,,,,
Pierce,Mad Scientist / Horror Fiction In Seven Spooky Steps,,,,,,,,,
Pierce,Naked Mad Scientist / Horror Fiction In Seven Spooky Steps,,,,,,,Butt on chest/hands and feet exchanged please.,,
Pierce,Magnum / Horror Fiction In Seven Spooky Steps,gRaF_rOTZ,http://hawkthorne-costume.herokuapp.com/pierce/http%3A%2F%2Fi.imgur.com%2FyF6mp.png,Yes,gRaF_rOTZ,Yes,,,,
Pierce,Pillowman / Pillows and Plankets,,http://i.imgur.com/VUruV.png,,,,,,,
Pierce,,,,,,,,,,
Pierce,Planet Christmas / Regional Holiday Music,funkygorilla93,http://imgur.com/QXOgV,Yes,funkygorilla93,Yes,,finished,,
Pierce,Pocket Full of Hawthornes / Advanced Gay,,,,,,,,,
Pierce,Swami / The First Chang Dynasty,igotaxmastime4me,,,igotaxmastime4me,,,in progress,,
Pierce,Wheelchair Bound w/ Broken Legs,BuckyBrewer,http://i.imgur.com/GrGhy.png,Yes,BuckyBrewer,Yes,,,,
Pierce,Hula Paint Hallucination,errol333,http://hawkthorne-costume.herokuapp.com/pierce/http%3A%2F%2Fi.imgur.com%2FJysN3.png,Yes,errol333,Yes,,Submitted!,,
Pierce,Parking Lot Canoe/Beginner Pottery,archerman1988,,,,,,,,
Professor Kane,Season 3,cealeous,,,,,,,,
,,,,,,,,,,
Quendra,,,,,,,,,,
Scott,,SimmonsIsFinished,,,,,,,,
Sean Garrity ,Conspiracy Theories and Interior Design / Competitive Wine Tasting,,,,,,,,,
Shirley,Crayola Crayon / Celebrity Pharmacology,mario3d,http://hawkthorne-costume.herokuapp.com/shirley/http%3A%2F%2Fi.imgur.com%2FiuWYn.png,Yes,mario3d,Yes,,Fixed 7/13. Fixed eyes so they don't stretch when running.,,
Shirley,Anime / Foosball and Nocturnal Vigilantism,gRaF_rOTZ,http://hawkthorne-costume.herokuapp.com/shirley/http%3A%2F%2Fi.imgur.com%2FR4vDV.png,Yes,gRaF_rOTZ,Yes,,,,
Shirley,Greendale Asylum / Curriculum Unavailable,childish_gambino3,http://imgur.com/wgDdj,No,,,,please critic,,
Shirley,Baby Shirley / Abed's Uncontrollable Christmas,covertPZ,http://www.reddit.com/r/hawkthorne/comments/uowzd/wip_baby_doll_shirley_suggestions/,No,,,,"3 different sprites, not sure which is the best. Take your pick!",,
Shirley,Ace of Clubs / A Fistful of Paintballs,elfaisa,http://hawkthorne-costume.herokuapp.com/shirley/http%3A%2F%2Fi.imgur.com%2FqDD2k.png,Yes,elfaisa,Yes,,updated,,
Shirley,Glinda / Epidemiology,elfaisa,http://i.imgur.com/EWHYS.png,No,,,,,,
Shirley,Harry Potter / Introduction to Statistics,paperplatemasks,http://i.imgur.com/xdecV.png,Yes,paperplatemasks,Yes,,,,
Shirley,Blanketsburg / Pillows and Blankets,James92498,http://i.imgur.com/loXQJ.png,No,,,,,,
Shirley,Jules Winnfield / Critical Film Studies,Kastian,http://i.imgur.com/tfHYY.png,No,,,,,,
Shirley,Chef / First Chang Dynasty,roundy210,http://imgur.com/sQrtG,Yes,barry.se,Yes,,,,
Shirley,Opening Musical Sequence Sequin Dress/Biology 101,Dano1163,,,,,,,,
Shirley,Angel / Horror Fiction In Seven Spooky Steps,notRyanClark,,,,,,,,
Shirley,Astronaut Practice / Basic Rocket Science,,,,,,,,,
Shirley,Campus Security / The Science of Illusion,,,,,,,,,
Shirley,Darkest Timeline / Remedial Chaos Theory,niles_smiles,,,,,,,,
Shirley,Heather Popandlocklear / Accounting for Lawyers,n,,,,,,,,
Shirley,Oprah / Contemporary Impressionists,,,,,,,,,
Shirley,Planet Christmas / Regional Holiday Music,,,,,,,,,
Starburns,Season 1 (No top-hat),alpenghandi,,,,,,,,
Starburns,Lizard / Season 3,,,,,,,,,
Starburns,Pirate / Epidemiology,,,,,,,,,
Starburns,Post-death / Introduction to Finality,,,,,,,,,
Starburns,Top Hat / Season 2,,,,,,,,,
Starburns,Heartburns / Early 21st Century Romanticism,,,,,,,,,
Subway,Digital Estate Planning and Interior Design,Nick3570,,No,,,,,,
Todd,Competitive Ecology/ Basic Lupine Urology,,,,,,,,,
Todd,Soldier Uniform/ Basic Lupine Urology,,,,,,,,,
Troy,Library Nerd / Basic Lupine Urology,AndyAntsyPants,http://imgur.com/aeEQq,Yes,spuddeh,Yes,,updated to full sheet!,,
Troy,Sexy Dracula,,http://hawkthorne-costume.herokuapp.com/troy/http%3A%2F%2Fi.imgur.com%2F3Fsxy.png,Yes,Philoctitties,Yes,,Idle troy facing left has grey shoes instead of black,,
Troy,Bumble Bee / Celebrity Pharmacology,mario3d,http://hawkthorne-costume.herokuapp.com/troy/http%3A%2F%2Fi.imgur.com%2FDwyiq.png,Yes,mario3d,Yes,,Added antenna to one of the running to the right sprites. They were appearing and disappearing when you ran in game.,,
Troy,Kickpuncher/ Romantic Expressionism,mario3d,http://hawkthorne-costume.herokuapp.com/troy/http%3A%2F%2Fi.imgur.com%2FTShZB.png,Yes,mario3d,Yes,,Updated to Final Template. Fixed flipping mask on arrow shooting sprites.,,
Troy,Spiderman,lvl5LazorLotus,http://imgur.com/Zj1Ci,Yes,Lamboman10,Yes,,updated walking away sprites,,
Troy,Constable Reggie,kickpuncher08,,Yes,kickpuncher08,,,Being Updated,,
Troy,Ernie / Physical Education,Charmee,http://i.imgur.com/R2QoD.png,No,edisonout,,,feedback?,,
Troy,Orange Paint Edition / For a Few Paintballs More,DeadpoolIsMyHomeboy,http://hawkthorne-costume.herokuapp.com/troy/http%3A%2F%2Fimgur.com%2Fqjtia.jpeg,Yes,DeadpoolIsMyHomeboy,No,,Please make the paint look splotchy like Abed's costume. http://hawkthorne-costume.herokuapp.com/abed/https%3A%2F%2Fgithub.com%2Fkyleconroy%2Fhawkthorne-journey%2Fraw%2Fmaster%2Fsrc%2Fimages%2Fabed_paint.png,,
Troy,Troy and Abed In the Morning! (Nights) / Curriculum Unavailable,DeadpoolIsMyHomeboy,http://hawkthorne-costume.herokuapp.com/troy/http%3A%2F%2Fimgur.com%2FHEdJz.jpeg,Yes,DeadpoolIsMyHomeboy,Yes,,,,
Troy,King of Clubs / A Fistful of Paintballs,elfaisa,http://i.imgur.com/viiKM.png,No,,,,,,
Troy,Barry the Plumber / First Chang Dynasty,Glasenator,http://i.imgur.com/MFEiA.png,No,,,,,,
Troy,Alien Mech (Ripley) / Epidemiology,idontusereddit,http://i.imgur.com/u54H5.png,Yes,BuckyBrewer,Yes,,,,
Troy,Cowboy / Paradigms of Human Memory,,,No,,,,Could this just be a recolor of the king of clubs costume ?,,
Troy,Eddie Murphy/ Introduction to Statistics,SeanBroney,http://imgur.com/ba5fg,No,,,,,,
Troy,Fiddla / Competitive Wine Tasting,shnook21,http://i.imgur.com/lYsNK.png,No,ElDuderino103,,,need help on wether this is good enough.,There are a couple of stray pixels around the edges which you might want to clean up :),"""It's hard to be jewish in Russia"" I love it"
Troy,Blanketsburg / Pillows and Blankets,SnoKone,http://imgur.com/FAVUj,No,,,,Missing blanket round his head for the ones where he's facing forward,,
Troy,Astronaut Practice / Basic Rocket Science,SPRneon,http://i.imgur.com/ZmghB.png,No,,,,need someone to take it over (exams take 2 much time),,
Troy,Karate Outfit,arrianj,http://i.imgur.com/8lEwo.png,No,,,,,,
Troy,Dancer / Interpretive Dance,calledieu,,,,,,,,
Troy,Troy Soldier/ Abed's Uncontrollable Christmas,De3ertf0x,,,,,,"[WIP] http://imgur.com/kSoui , should be done sunday",,
Troy,Greendale Asylum / Curriculum Unavailable,edisonout,,,,,,,,
Troy,Toga Outfit / The Art of Discourse,hbjudo17,,,,,,,,
Troy,House Invader / Horror Fiction in Seven Spooky Steps,,,,,,,,,
Troy,Top Gun Fighter Pilot / Horror Fiction In Seven Spooky Steps,BuckyBrewer,,,,,,,,
Troy,Detective Troy / Basic Lupine Urology,sillyboots,http://hawkthorne-costume.herokuapp.com/troy/http%3A%2F%2Fi.imgur.com%2FRQb8y.png,Yes,sillyboots,Yes,,,,
Troy,Paintball Armour / Modern Warfare,kickpuncher08,http://hawkthorne-costume.herokuapp.com/troy/http%3A%2F%2Fi.imgur.com%2FErzAv.png,Yes,kickpuncher08,Yes,,Done any comments post to http://www.reddit.com/r/hawkthorne/comments/wq6ht/submission_troy_paintball_armor/,,
Troy,Dress / Communication Studies,shnook21,,,,,,,,
Troy,Epidemiology Zombie,edsterman,,No,,,,,,
Troy,Michael Jackson / Contemporary Impressionists,niles_smiles,,,,,,need someone to take it over (exams take 2 much time),,
Troy,Egyptian Pharaoh / Contemporary American Poultry ,Kazook,in progress,,,,,,,
Troy,All-Terrain Troy (Helmet) / Curriculum Unavailable,,,,,,,,,
Troy,All-Terrain Troy (No Helmet) / Curriculum Unavailable,Dr. Awesome ,in progress,,,,,,,
Troy,Darkest Timeline / Remedial Chaos Theory,,,,,,,,,
Troy,constale reggie,,,,,,,,,
Troy,Heather Popandlocklear / Accounting for Lawyers,Micromedia,,,Micromedia,,,,,
Troy,Planet Christmas / Regional Holiday Music,notRyanClark,,,,,,,,
Troy,Pumpkin / Critical Film Studies,BenFranklinChang,In progress,,,,,,,
Troy,Wounded Troy / Paradigms of Human Memory,Suspicious_37,,,Suspicious_37,,,,,
Troy,Naked 8-bit Troy / Digital Estate Planning,coreyander,,,,,,in progress,,
Troy,Doctor Troy/ Virtual Systems Analysis,BenFranklinChang,,,,,,,,
Troy,Quarterback,BuckyBrewer,http://i.imgur.com/XEcOQ.png,Yes,BuckyBrewer,Yes,,,,
Troy & Abed (Troy Costume),Troy & Abed Sewn Together / Horror Fiction in Seven Spooky Steps,BuckyBrewer,http://i.imgur.com/nWAMX.png,Yes,BuckyBrewer,Yes,,,,
Troy,Christmas Troy / S1E12:Comparative Religion,Ohsin,"http://i.imgur.com/iiXGB.png
",Yes,Ohsin,Yes,,,,
Troy,Armor wearing Troy / Digital Estate Planning,Ohsin,W.I.P,,,,,,,
Troy,Childish Gambino,?,https://raw.github.com/kyleconroy/hawkthorne-journey/master/src/images/troy_gambino.png,Yes,?,Yes,,,,
Troy,Pant Suit,?,https://raw.github.com/kyleconroy/hawkthorne-journey/master/src/images/troy_pantsuit.png,Yes,?,Yes,,,,
Vaughn,Season 1,DancingShadow,http://hawkthorne-costume.herokuapp.com/jeff/http%3A%2F%2Fi.imgur.com%2FSuLEv.png,Yes,DancingShadow,No,,Guitar version,,
Vaughn,With Shirt/Season 1,,,,,,,,,
Vice Dean Laybourne,Ghost/Introduction to Finality,gRaF_rOTZ,http://hawkthorne-costume.herokuapp.com/abed/http%3A%2F%2Fi.imgur.com%2FrDMZS.png,Yes,gRaF_rOTZ,Yes,,,,
Vice Dean Laybourne,Pajamas and Ponytail / Digital Exploration of Interior Design,gRaF_rOTZ,http://hawkthorne-costume.herokuapp.com/abed/http%3A%2F%2Fi.imgur.com%2FeBd6k.png,Yes,gRaF_rOTZ,Yes,,,,
Vice Dean Laybourne,Band Practice / Exploration of Interior Design,gRaF_rOTZ,,No,gRaF_rOTZ,,,,,
Vice Dean Laybourne,Original sprite,gRaF_rOTZ,http://hawkthorne-costume.herokuapp.com/abed/http%3A%2F%2Fi.imgur.com%2FJWBmm.png,Yes,gRaF_rOTZ,Yes,,,,
Vicki,Yellow Shirt...Hat/Intro To Political Science,SimmonsIsFinished,,,,,,,,